customerUniqueId,customerContractOneId,customerOneId,isParentOf,manufacturerOneId,manufacturerUniqueId,partNameCustomer,partNameManufacturer,partNumberCustomer,partNumberManufacturer,productionCountryCode,productionDateGmt,qualityAlert,qualityType,manufacturerContractOneId,uniqueId
ERROR_CP_1,,ZF,[],ERROR_CP,ERROR_CP_1,Glue,Glue,G-S41,G-S41,DE,2021-05-05,False,,,ERROR_CP_1
ERROR_CP_10,,ZF,[],ERROR_CP,ERROR_CP_10,Glue,Glue,G-S41,G-S41,DE,2021-05-05,False,,,ERROR_CP_10
ERROR_CP_19,,ZF,[],ERROR_CP,ERROR_CP_19,Glue,Glue,G-S41,G-S41,DE,2021-05-05,False,,,ERROR_CP_19
ERROR_CP_28,,ZF,[],ERROR_CP,ERROR_CP_28,Glue,Glue,G-S41,G-S41,DE,2021-05-05,False,,,ERROR_CP_28
ERROR_CP_37,,ZF,[],ERROR_CP,ERROR_CP_37,Glue,Glue,G-S41,G-S41,DE,2021-05-05,False,,,ERROR_CP_37
ERROR_CP_46,,ZF,[],ERROR_CP,ERROR_CP_46,Glue,Glue,G-S41,G-S41,DE,2021-05-05,False,,,ERROR_CP_46
ERROR_CP_55,,ZF,[],ERROR_CP,ERROR_CP_55,Glue,Glue,G-S41,G-S41,DE,2021-05-05,False,,,ERROR_CP_55
ERROR_CP_64,,ZF,[],ERROR_CP,ERROR_CP_64,Glue,Glue,G-S41,G-S41,DE,2021-05-05,False,,,ERROR_CP_64
ERROR_CP_73,,ZF,[],ERROR_CP,ERROR_CP_73,Glue,Glue,G-S41,G-S41,DE,2021-05-05,False,,,ERROR_CP_73
ERROR_CP_82,,ZF,[],ERROR_CP,ERROR_CP_82,Glue,Glue,G-S41,G-S41,DE,2021-05-05,False,,,ERROR_CP_82
ERROR_CP_91,,ZF,[],ERROR_CP,ERROR_CP_91,Glue,Glue,G-S41,G-S41,DE,2021-05-05,False,,,ERROR_CP_91
ERROR_CP_100,,ZF,[],ERROR_CP,ERROR_CP_100,Glue,Glue,G-S41,G-S41,DE,2021-05-05,False,,,ERROR_CP_100
ERROR_CP_109,,ZF,[],ERROR_CP,ERROR_CP_109,Glue,Glue,G-S41,G-S41,DE,2021-05-05,False,,,ERROR_CP_109
ERROR_CP_118,,ZF,[],ERROR_CP,ERROR_CP_118,Glue,Glue,G-S41,G-S41,DE,2021-05-05,False,,,ERROR_CP_118
ERROR_CP_127,,ZF,[],ERROR_CP,ERROR_CP_127,Glue,Glue,G-S41,G-S41,DE,2021-05-05,False,,,ERROR_CP_127
ERROR_CP_136,,ZF,[],ERROR_CP,ERROR_CP_136,Glue,Glue,G-S41,G-S41,DE,2021-05-05,False,,,ERROR_CP_136
ERROR_CP_145,,ZF,[],ERROR_CP,ERROR_CP_145,Glue,Glue,G-S41,G-S41,DE,2021-05-05,False,,,ERROR_CP_145
ERROR_CP_154,,ZF,[],ERROR_CP,ERROR_CP_154,Glue,Glue,G-S41,G-S41,DE,2021-05-05,False,,,ERROR_CP_154
ERROR_CP_163,,ZF,[],ERROR_CP,ERROR_CP_163,Glue,Glue,G-S41,G-S41,DE,2021-05-05,False,,,ERROR_CP_163
ERROR_CP_172,,ZF,[],ERROR_CP,ERROR_CP_172,Glue,Glue,G-S41,G-S41,DE,2021-05-05,False,,,ERROR_CP_172
ERROR_CP_181,,ZF,[],ERROR_CP,ERROR_CP_181,Glue,Glue,G-S41,G-S41,DE,2021-05-05,False,,,ERROR_CP_181
ERROR_CP_190,,ZF,[],ERROR_CP,ERROR_CP_190,Glue,Glue,G-S41,G-S41,DE,2021-05-05,False,,,ERROR_CP_190
ERROR_CP_199,,ZF,[],ERROR_CP,ERROR_CP_199,Glue,Glue,G-S41,G-S41,DE,2021-05-05,False,,,ERROR_CP_199
ERROR_CP_208,,ZF,[],ERROR_CP,ERROR_CP_208,Glue,Glue,G-S41,G-S41,DE,2021-05-05,False,,,ERROR_CP_208
ERROR_CP_217,,ZF,[],ERROR_CP,ERROR_CP_217,Glue,Glue,G-S41,G-S41,DE,2021-05-05,False,,,ERROR_CP_217
ERROR_CP_226,,ZF,[],ERROR_CP,ERROR_CP_226,Glue,Glue,G-S41,G-S41,DE,2021-05-05,False,,,ERROR_CP_226
ERROR_CP_235,,ZF,[],ERROR_CP,ERROR_CP_235,Glue,Glue,G-S41,G-S41,DE,2021-05-05,False,,,ERROR_CP_235
ERROR_CP_244,,ZF,[],ERROR_CP,ERROR_CP_244,Glue,Glue,G-S41,G-S41,DE,2021-05-05,False,,,ERROR_CP_244
ERROR_CP_253,,ZF,[],ERROR_CP,ERROR_CP_253,Glue,Glue,G-S41,G-S41,DE,2021-05-05,False,,,ERROR_CP_253
ERROR_CP_262,,ZF,[],ERROR_CP,ERROR_CP_262,Glue,Glue,G-S41,G-S41,DE,2021-05-05,False,,,ERROR_CP_262
ERROR_CP_271,,ZF,[],ERROR_CP,ERROR_CP_271,Glue,Glue,G-S41,G-S41,DE,2021-05-05,False,,,ERROR_CP_271
ERROR_CP_280,,ZF,[],ERROR_CP,ERROR_CP_280,Glue,Glue,G-S41,G-S41,DE,2021-05-05,False,,,ERROR_CP_280
ERROR_CP_289,,ZF,[],ERROR_CP,ERROR_CP_289,Glue,Glue,G-S41,G-S41,DE,2021-05-05,False,,,ERROR_CP_289
ERROR_CP_298,,ZF,[],ERROR_CP,ERROR_CP_298,Glue,Glue,G-S41,G-S41,DE,2021-05-05,False,,,ERROR_CP_298
ERROR_CP_307,,ZF,[],ERROR_CP,ERROR_CP_307,Glue,Glue,G-S41,G-S41,DE,2021-05-05,False,,,ERROR_CP_307
ERROR_CP_316,,ZF,[],ERROR_CP,ERROR_CP_316,Glue,Glue,G-S41,G-S41,DE,2021-05-05,False,,,ERROR_CP_316
ERROR_CP_325,,ZF,[],ERROR_CP,ERROR_CP_325,Glue,Glue,G-S41,G-S41,DE,2021-05-05,False,,,ERROR_CP_325
ERROR_CP_334,,ZF,[],ERROR_CP,ERROR_CP_334,Glue,Glue,G-S41,G-S41,DE,2021-05-05,False,,,ERROR_CP_334
ERROR_CP_343,,ZF,[],ERROR_CP,ERROR_CP_343,Glue,Glue,G-S41,G-S41,DE,2021-05-05,False,,,ERROR_CP_343
ERROR_CP_352,,ZF,[],ERROR_CP,ERROR_CP_352,Glue,Glue,G-S41,G-S41,DE,2021-05-05,False,,,ERROR_CP_352
ERROR_CP_361,,ZF,[],ERROR_CP,ERROR_CP_361,Glue,Glue,G-S41,G-S41,DE,2021-05-05,False,,,ERROR_CP_361
ERROR_CP_370,,ZF,[],ERROR_CP,ERROR_CP_370,Glue,Glue,G-S41,G-S41,DE,2021-05-05,False,,,ERROR_CP_370
ERROR_CP_379,,ZF,[],ERROR_CP,ERROR_CP_379,Glue,Glue,G-S41,G-S41,DE,2021-05-05,False,,,ERROR_CP_379
ERROR_CP_388,,ZF,[],ERROR_CP,ERROR_CP_388,Glue,Glue,G-S41,G-S41,DE,2021-05-05,False,,,ERROR_CP_388
ERROR_CP_397,,ZF,[],ERROR_CP,ERROR_CP_397,Glue,Glue,G-S41,G-S41,DE,2021-05-05,False,,,ERROR_CP_397
ERROR_CP_406,,ZF,[],ERROR_CP,ERROR_CP_406,Glue,Glue,G-S41,G-S41,DE,2021-05-05,False,,,ERROR_CP_406
ERROR_CP_415,,ZF,[],ERROR_CP,ERROR_CP_415,Glue,Glue,G-S41,G-S41,DE,2021-05-05,False,,,ERROR_CP_415
ERROR_CP_424,,ZF,[],ERROR_CP,ERROR_CP_424,Glue,Glue,G-S41,G-S41,DE,2021-05-05,False,,,ERROR_CP_424
ERROR_CP_433,,ZF,[],ERROR_CP,ERROR_CP_433,Glue,Glue,G-S41,G-S41,DE,2021-05-05,False,,,ERROR_CP_433
ERROR_CP_442,,ZF,[],ERROR_CP,ERROR_CP_442,Glue,Glue,G-S41,G-S41,DE,2021-05-05,False,,,ERROR_CP_442
ERROR_CP_451,,ZF,[],ERROR_CP,ERROR_CP_451,Glue,Glue,G-S41,G-S41,DE,2021-05-05,False,,,ERROR_CP_451
ERROR_CP_460,,ZF,[],ERROR_CP,ERROR_CP_460,Glue,Glue,G-S41,G-S41,DE,2021-05-05,False,,,ERROR_CP_460
ERROR_CP_469,,ZF,[],ERROR_CP,ERROR_CP_469,Glue,Glue,G-S41,G-S41,DE,2021-05-05,False,,,ERROR_CP_469
ERROR_CP_478,,ZF,[],ERROR_CP,ERROR_CP_478,Glue,Glue,G-S41,G-S41,DE,2021-05-05,False,,,ERROR_CP_478
ERROR_CP_487,,ZF,[],ERROR_CP,ERROR_CP_487,Glue,Glue,G-S41,G-S41,DE,2021-05-05,False,,,ERROR_CP_487
ERROR_CP_496,,ZF,[],ERROR_CP,ERROR_CP_496,Glue,Glue,G-S41,G-S41,DE,2021-05-05,False,,,ERROR_CP_496
ERROR_CP_505,,ZF,[],ERROR_CP,ERROR_CP_505,Glue,Glue,G-S41,G-S41,DE,2021-05-05,False,,,ERROR_CP_505
ERROR_CP_514,,ZF,[],ERROR_CP,ERROR_CP_514,Glue,Glue,G-S41,G-S41,DE,2021-05-05,False,,,ERROR_CP_514
ERROR_CP_523,,ZF,[],ERROR_CP,ERROR_CP_523,Glue,Glue,G-S41,G-S41,DE,2021-05-05,False,,,ERROR_CP_523
ERROR_CP_532,,ZF,[],ERROR_CP,ERROR_CP_532,Glue,Glue,G-S41,G-S41,DE,2021-05-05,False,,,ERROR_CP_532
ERROR_CP_541,,ZF,[],ERROR_CP,ERROR_CP_541,Glue,Glue,G-S41,G-S41,DE,2021-05-05,False,,,ERROR_CP_541
ERROR_CP_550,,ZF,[],ERROR_CP,ERROR_CP_550,Glue,Glue,G-S41,G-S41,DE,2021-05-05,False,,,ERROR_CP_550
ERROR_CP_559,,ZF,[],ERROR_CP,ERROR_CP_559,Glue,Glue,G-S41,G-S41,DE,2021-05-05,False,,,ERROR_CP_559
ERROR_CP_568,,ZF,[],ERROR_CP,ERROR_CP_568,Glue,Glue,G-S41,G-S41,DE,2021-05-05,False,,,ERROR_CP_568
ERROR_CP_577,,ZF,[],ERROR_CP,ERROR_CP_577,Glue,Glue,G-S41,G-S41,DE,2021-05-05,False,,,ERROR_CP_577
ERROR_CP_586,,ZF,[],ERROR_CP,ERROR_CP_586,Glue,Glue,G-S41,G-S41,DE,2021-05-05,False,,,ERROR_CP_586
ERROR_CP_595,,ZF,[],ERROR_CP,ERROR_CP_595,Glue,Glue,G-S41,G-S41,DE,2021-05-05,False,,,ERROR_CP_595
ERROR_CP_604,,ZF,[],ERROR_CP,ERROR_CP_604,Glue,Glue,G-S41,G-S41,DE,2021-05-05,False,,,ERROR_CP_604
ERROR_CP_613,,ZF,[],ERROR_CP,ERROR_CP_613,Glue,Glue,G-S41,G-S41,DE,2021-05-05,False,,,ERROR_CP_613
ERROR_CP_622,,ZF,[],ERROR_CP,ERROR_CP_622,Glue,Glue,G-S41,G-S41,DE,2021-05-05,False,,,ERROR_CP_622
ERROR_CP_631,,ZF,[],ERROR_CP,ERROR_CP_631,Glue,Glue,G-S41,G-S41,DE,2021-05-05,False,,,ERROR_CP_631
ERROR_CP_640,,ZF,[],ERROR_CP,ERROR_CP_640,Glue,Glue,G-S41,G-S41,DE,2021-05-05,False,,,ERROR_CP_640
ERROR_CP_649,,ZF,[],ERROR_CP,ERROR_CP_649,Glue,Glue,G-S41,G-S41,DE,2021-05-05,False,,,ERROR_CP_649
ERROR_CP_658,,ZF,[],ERROR_CP,ERROR_CP_658,Glue,Glue,G-S41,G-S41,DE,2021-05-05,False,,,ERROR_CP_658
ERROR_CP_667,,ZF,[],ERROR_CP,ERROR_CP_667,Glue,Glue,G-S41,G-S41,DE,2021-05-05,False,,,ERROR_CP_667
ERROR_CP_676,,ZF,[],ERROR_CP,ERROR_CP_676,Glue,Glue,G-S41,G-S41,DE,2021-05-05,False,,,ERROR_CP_676
ERROR_CP_685,,ZF,[],ERROR_CP,ERROR_CP_685,Glue,Glue,G-S41,G-S41,DE,2021-05-05,False,,,ERROR_CP_685
ERROR_CP_694,,ZF,[],ERROR_CP,ERROR_CP_694,Glue,Glue,G-S41,G-S41,DE,2021-05-05,False,,,ERROR_CP_694
ERROR_CP_703,,ZF,[],ERROR_CP,ERROR_CP_703,Glue,Glue,G-S41,G-S41,DE,2021-05-05,False,,,ERROR_CP_703
ERROR_CP_712,,ZF,[],ERROR_CP,ERROR_CP_712,Glue,Glue,G-S41,G-S41,DE,2021-05-05,False,,,ERROR_CP_712
ERROR_CP_721,,ZF,[],ERROR_CP,ERROR_CP_721,Glue,Glue,G-S41,G-S41,DE,2021-05-05,False,,,ERROR_CP_721
ERROR_CP_730,,ZF,[],ERROR_CP,ERROR_CP_730,Glue,Glue,G-S41,G-S41,DE,2021-05-05,False,,,ERROR_CP_730
ERROR_CP_739,,ZF,[],ERROR_CP,ERROR_CP_739,Glue,Glue,G-S41,G-S41,DE,2021-05-05,False,,,ERROR_CP_739
ERROR_CP_748,,ZF,[],ERROR_CP,ERROR_CP_748,Glue,Glue,G-S41,G-S41,DE,2021-05-05,False,,,ERROR_CP_748
ERROR_CP_757,,ZF,[],ERROR_CP,ERROR_CP_757,Glue,Glue,G-S41,G-S41,DE,2021-05-05,False,,,ERROR_CP_757
ERROR_CP_766,,ZF,[],ERROR_CP,ERROR_CP_766,Glue,Glue,G-S41,G-S41,DE,2021-05-05,False,,,ERROR_CP_766
ERROR_CP_775,,ZF,[],ERROR_CP,ERROR_CP_775,Glue,Glue,G-S41,G-S41,DE,2021-05-05,False,,,ERROR_CP_775
ERROR_CP_784,,ZF,[],ERROR_CP,ERROR_CP_784,Glue,Glue,G-S41,G-S41,DE,2021-05-05,False,,,ERROR_CP_784
ERROR_CP_793,,ZF,[],ERROR_CP,ERROR_CP_793,Glue,Glue,G-S41,G-S41,DE,2021-05-05,False,,,ERROR_CP_793
ERROR_CP_802,,ZF,[],ERROR_CP,ERROR_CP_802,Glue,Glue,G-S41,G-S41,DE,2021-05-05,False,,,ERROR_CP_802
ERROR_CP_811,,ZF,[],ERROR_CP,ERROR_CP_811,Glue,Glue,G-S41,G-S41,DE,2021-05-05,False,,,ERROR_CP_811
ERROR_CP_820,,ZF,[],ERROR_CP,ERROR_CP_820,Glue,Glue,G-S41,G-S41,DE,2021-05-05,False,,,ERROR_CP_820
ERROR_CP_829,,ZF,[],ERROR_CP,ERROR_CP_829,Glue,Glue,G-S41,G-S41,DE,2021-05-05,False,,,ERROR_CP_829
ERROR_CP_838,,ZF,[],ERROR_CP,ERROR_CP_838,Glue,Glue,G-S41,G-S41,DE,2021-05-05,False,,,ERROR_CP_838
ERROR_CP_847,,ZF,[],ERROR_CP,ERROR_CP_847,Glue,Glue,G-S41,G-S41,DE,2021-05-05,False,,,ERROR_CP_847
ERROR_CP_856,,ZF,[],ERROR_CP,ERROR_CP_856,Glue,Glue,G-S41,G-S41,DE,2021-05-05,False,,,ERROR_CP_856
ERROR_CP_865,,ZF,[],ERROR_CP,ERROR_CP_865,Glue,Glue,G-S41,G-S41,DE,2021-05-05,False,,,ERROR_CP_865
ERROR_CP_874,,ZF,[],ERROR_CP,ERROR_CP_874,Glue,Glue,G-S41,G-S41,DE,2021-05-05,False,,,ERROR_CP_874
ERROR_CP_883,,ZF,[],ERROR_CP,ERROR_CP_883,Glue,Glue,G-S41,G-S41,DE,2021-05-05,False,,,ERROR_CP_883
ERROR_CP_892,,ZF,[],ERROR_CP,ERROR_CP_892,Glue,Glue,G-S41,G-S41,DE,2021-05-05,False,,,ERROR_CP_892
ERROR_CP_2,,ZF,[],ERROR_CP,ERROR_CP_2,Glue,Glue,G-S41,G-S41,DE,2021-05-05,False,,,ERROR_CP_2
ERROR_CP_11,,ZF,[],ERROR_CP,ERROR_CP_11,Glue,Glue,G-S41,G-S41,DE,2021-05-05,False,,,ERROR_CP_11
ERROR_CP_20,,ZF,[],ERROR_CP,ERROR_CP_20,Glue,Glue,G-S41,G-S41,DE,2021-05-05,False,,,ERROR_CP_20
ERROR_CP_29,,ZF,[],ERROR_CP,ERROR_CP_29,Glue,Glue,G-S41,G-S41,DE,2021-05-05,False,,,ERROR_CP_29
ERROR_CP_38,,ZF,[],ERROR_CP,ERROR_CP_38,Glue,Glue,G-S41,G-S41,DE,2021-05-05,False,,,ERROR_CP_38
ERROR_CP_47,,ZF,[],ERROR_CP,ERROR_CP_47,Glue,Glue,G-S41,G-S41,DE,2021-05-05,False,,,ERROR_CP_47
ERROR_CP_56,,ZF,[],ERROR_CP,ERROR_CP_56,Glue,Glue,G-S41,G-S41,DE,2021-05-05,False,,,ERROR_CP_56
ERROR_CP_65,,ZF,[],ERROR_CP,ERROR_CP_65,Glue,Glue,G-S41,G-S41,DE,2021-05-05,False,,,ERROR_CP_65
ERROR_CP_74,,ZF,[],ERROR_CP,ERROR_CP_74,Glue,Glue,G-S41,G-S41,DE,2021-05-05,False,,,ERROR_CP_74
ERROR_CP_83,,ZF,[],ERROR_CP,ERROR_CP_83,Glue,Glue,G-S41,G-S41,DE,2021-05-05,False,,,ERROR_CP_83
ERROR_CP_92,,ZF,[],ERROR_CP,ERROR_CP_92,Glue,Glue,G-S41,G-S41,DE,2021-05-05,False,,,ERROR_CP_92
ERROR_CP_101,,ZF,[],ERROR_CP,ERROR_CP_101,Glue,Glue,G-S41,G-S41,DE,2021-05-05,False,,,ERROR_CP_101
ERROR_CP_110,,ZF,[],ERROR_CP,ERROR_CP_110,Glue,Glue,G-S41,G-S41,DE,2021-05-05,False,,,ERROR_CP_110
ERROR_CP_119,,ZF,[],ERROR_CP,ERROR_CP_119,Glue,Glue,G-S41,G-S41,DE,2021-05-05,False,,,ERROR_CP_119
ERROR_CP_128,,ZF,[],ERROR_CP,ERROR_CP_128,Glue,Glue,G-S41,G-S41,DE,2021-05-05,False,,,ERROR_CP_128
ERROR_CP_137,,ZF,[],ERROR_CP,ERROR_CP_137,Glue,Glue,G-S41,G-S41,DE,2021-05-05,False,,,ERROR_CP_137
ERROR_CP_146,,ZF,[],ERROR_CP,ERROR_CP_146,Glue,Glue,G-S41,G-S41,DE,2021-05-05,False,,,ERROR_CP_146
ERROR_CP_155,,ZF,[],ERROR_CP,ERROR_CP_155,Glue,Glue,G-S41,G-S41,DE,2021-05-05,False,,,ERROR_CP_155
ERROR_CP_164,,ZF,[],ERROR_CP,ERROR_CP_164,Glue,Glue,G-S41,G-S41,DE,2021-05-05,False,,,ERROR_CP_164
ERROR_CP_173,,ZF,[],ERROR_CP,ERROR_CP_173,Glue,Glue,G-S41,G-S41,DE,2021-05-05,False,,,ERROR_CP_173
ERROR_CP_182,,ZF,[],ERROR_CP,ERROR_CP_182,Glue,Glue,G-S41,G-S41,DE,2021-05-05,False,,,ERROR_CP_182
ERROR_CP_191,,ZF,[],ERROR_CP,ERROR_CP_191,Glue,Glue,G-S41,G-S41,DE,2021-05-05,False,,,ERROR_CP_191
ERROR_CP_200,,ZF,[],ERROR_CP,ERROR_CP_200,Glue,Glue,G-S41,G-S41,DE,2021-05-05,False,,,ERROR_CP_200
ERROR_CP_209,,ZF,[],ERROR_CP,ERROR_CP_209,Glue,Glue,G-S41,G-S41,DE,2021-05-05,False,,,ERROR_CP_209
ERROR_CP_218,,ZF,[],ERROR_CP,ERROR_CP_218,Glue,Glue,G-S41,G-S41,DE,2021-05-05,False,,,ERROR_CP_218
ERROR_CP_227,,ZF,[],ERROR_CP,ERROR_CP_227,Glue,Glue,G-S41,G-S41,DE,2021-05-05,False,,,ERROR_CP_227
ERROR_CP_236,,ZF,[],ERROR_CP,ERROR_CP_236,Glue,Glue,G-S41,G-S41,DE,2021-05-05,False,,,ERROR_CP_236
ERROR_CP_245,,ZF,[],ERROR_CP,ERROR_CP_245,Glue,Glue,G-S41,G-S41,DE,2021-05-05,False,,,ERROR_CP_245
ERROR_CP_254,,ZF,[],ERROR_CP,ERROR_CP_254,Glue,Glue,G-S41,G-S41,DE,2021-05-05,False,,,ERROR_CP_254
ERROR_CP_263,,ZF,[],ERROR_CP,ERROR_CP_263,Glue,Glue,G-S41,G-S41,DE,2021-05-05,False,,,ERROR_CP_263
ERROR_CP_272,,ZF,[],ERROR_CP,ERROR_CP_272,Glue,Glue,G-S41,G-S41,DE,2021-05-05,False,,,ERROR_CP_272
ERROR_CP_281,,ZF,[],ERROR_CP,ERROR_CP_281,Glue,Glue,G-S41,G-S41,DE,2021-05-05,False,,,ERROR_CP_281
ERROR_CP_290,,ZF,[],ERROR_CP,ERROR_CP_290,Glue,Glue,G-S41,G-S41,DE,2021-05-05,False,,,ERROR_CP_290
ERROR_CP_299,,ZF,[],ERROR_CP,ERROR_CP_299,Glue,Glue,G-S41,G-S41,DE,2021-05-05,False,,,ERROR_CP_299
ERROR_CP_308,,ZF,[],ERROR_CP,ERROR_CP_308,Glue,Glue,G-S41,G-S41,DE,2021-05-05,False,,,ERROR_CP_308
ERROR_CP_317,,ZF,[],ERROR_CP,ERROR_CP_317,Glue,Glue,G-S41,G-S41,DE,2021-05-05,False,,,ERROR_CP_317
ERROR_CP_326,,ZF,[],ERROR_CP,ERROR_CP_326,Glue,Glue,G-S41,G-S41,DE,2021-05-05,False,,,ERROR_CP_326
ERROR_CP_335,,ZF,[],ERROR_CP,ERROR_CP_335,Glue,Glue,G-S41,G-S41,DE,2021-05-05,False,,,ERROR_CP_335
ERROR_CP_344,,ZF,[],ERROR_CP,ERROR_CP_344,Glue,Glue,G-S41,G-S41,DE,2021-05-05,False,,,ERROR_CP_344
ERROR_CP_353,,ZF,[],ERROR_CP,ERROR_CP_353,Glue,Glue,G-S41,G-S41,DE,2021-05-05,False,,,ERROR_CP_353
ERROR_CP_362,,ZF,[],ERROR_CP,ERROR_CP_362,Glue,Glue,G-S41,G-S41,DE,2021-05-05,False,,,ERROR_CP_362
ERROR_CP_371,,ZF,[],ERROR_CP,ERROR_CP_371,Glue,Glue,G-S41,G-S41,DE,2021-05-05,False,,,ERROR_CP_371
ERROR_CP_380,,ZF,[],ERROR_CP,ERROR_CP_380,Glue,Glue,G-S41,G-S41,DE,2021-05-05,False,,,ERROR_CP_380
ERROR_CP_389,,ZF,[],ERROR_CP,ERROR_CP_389,Glue,Glue,G-S41,G-S41,DE,2021-05-05,False,,,ERROR_CP_389
ERROR_CP_398,,ZF,[],ERROR_CP,ERROR_CP_398,Glue,Glue,G-S41,G-S41,DE,2021-05-05,False,,,ERROR_CP_398
ERROR_CP_407,,ZF,[],ERROR_CP,ERROR_CP_407,Glue,Glue,G-S41,G-S41,DE,2021-05-05,False,,,ERROR_CP_407
ERROR_CP_416,,ZF,[],ERROR_CP,ERROR_CP_416,Glue,Glue,G-S41,G-S41,DE,2021-05-05,False,,,ERROR_CP_416
ERROR_CP_425,,ZF,[],ERROR_CP,ERROR_CP_425,Glue,Glue,G-S41,G-S41,DE,2021-05-05,False,,,ERROR_CP_425
ERROR_CP_434,,ZF,[],ERROR_CP,ERROR_CP_434,Glue,Glue,G-S41,G-S41,DE,2021-05-05,False,,,ERROR_CP_434
ERROR_CP_443,,ZF,[],ERROR_CP,ERROR_CP_443,Glue,Glue,G-S41,G-S41,DE,2021-05-05,False,,,ERROR_CP_443
ERROR_CP_452,,ZF,[],ERROR_CP,ERROR_CP_452,Glue,Glue,G-S41,G-S41,DE,2021-05-05,False,,,ERROR_CP_452
ERROR_CP_461,,ZF,[],ERROR_CP,ERROR_CP_461,Glue,Glue,G-S41,G-S41,DE,2021-05-05,False,,,ERROR_CP_461
ERROR_CP_470,,ZF,[],ERROR_CP,ERROR_CP_470,Glue,Glue,G-S41,G-S41,DE,2021-05-05,False,,,ERROR_CP_470
ERROR_CP_479,,ZF,[],ERROR_CP,ERROR_CP_479,Glue,Glue,G-S41,G-S41,DE,2021-05-05,False,,,ERROR_CP_479
ERROR_CP_488,,ZF,[],ERROR_CP,ERROR_CP_488,Glue,Glue,G-S41,G-S41,DE,2021-05-05,False,,,ERROR_CP_488
ERROR_CP_497,,ZF,[],ERROR_CP,ERROR_CP_497,Glue,Glue,G-S41,G-S41,DE,2021-05-05,False,,,ERROR_CP_497
ERROR_CP_506,,ZF,[],ERROR_CP,ERROR_CP_506,Glue,Glue,G-S41,G-S41,DE,2021-05-05,False,,,ERROR_CP_506
ERROR_CP_515,,ZF,[],ERROR_CP,ERROR_CP_515,Glue,Glue,G-S41,G-S41,DE,2021-05-05,False,,,ERROR_CP_515
ERROR_CP_524,,ZF,[],ERROR_CP,ERROR_CP_524,Glue,Glue,G-S41,G-S41,DE,2021-05-05,False,,,ERROR_CP_524
ERROR_CP_533,,ZF,[],ERROR_CP,ERROR_CP_533,Glue,Glue,G-S41,G-S41,DE,2021-05-05,False,,,ERROR_CP_533
ERROR_CP_542,,ZF,[],ERROR_CP,ERROR_CP_542,Glue,Glue,G-S41,G-S41,DE,2021-05-05,False,,,ERROR_CP_542
ERROR_CP_551,,ZF,[],ERROR_CP,ERROR_CP_551,Glue,Glue,G-S41,G-S41,DE,2021-05-05,False,,,ERROR_CP_551
ERROR_CP_560,,ZF,[],ERROR_CP,ERROR_CP_560,Glue,Glue,G-S41,G-S41,DE,2021-05-05,False,,,ERROR_CP_560
ERROR_CP_569,,ZF,[],ERROR_CP,ERROR_CP_569,Glue,Glue,G-S41,G-S41,DE,2021-05-05,False,,,ERROR_CP_569
ERROR_CP_578,,ZF,[],ERROR_CP,ERROR_CP_578,Glue,Glue,G-S41,G-S41,DE,2021-05-05,False,,,ERROR_CP_578
ERROR_CP_587,,ZF,[],ERROR_CP,ERROR_CP_587,Glue,Glue,G-S41,G-S41,DE,2021-05-05,False,,,ERROR_CP_587
ERROR_CP_596,,ZF,[],ERROR_CP,ERROR_CP_596,Glue,Glue,G-S41,G-S41,DE,2021-05-05,False,,,ERROR_CP_596
ERROR_CP_605,,ZF,[],ERROR_CP,ERROR_CP_605,Glue,Glue,G-S41,G-S41,DE,2021-05-05,False,,,ERROR_CP_605
ERROR_CP_614,,ZF,[],ERROR_CP,ERROR_CP_614,Glue,Glue,G-S41,G-S41,DE,2021-05-05,False,,,ERROR_CP_614
ERROR_CP_623,,ZF,[],ERROR_CP,ERROR_CP_623,Glue,Glue,G-S41,G-S41,DE,2021-05-05,False,,,ERROR_CP_623
ERROR_CP_632,,ZF,[],ERROR_CP,ERROR_CP_632,Glue,Glue,G-S41,G-S41,DE,2021-05-05,False,,,ERROR_CP_632
ERROR_CP_641,,ZF,[],ERROR_CP,ERROR_CP_641,Glue,Glue,G-S41,G-S41,DE,2021-05-05,False,,,ERROR_CP_641
ERROR_CP_650,,ZF,[],ERROR_CP,ERROR_CP_650,Glue,Glue,G-S41,G-S41,DE,2021-05-05,False,,,ERROR_CP_650
ERROR_CP_659,,ZF,[],ERROR_CP,ERROR_CP_659,Glue,Glue,G-S41,G-S41,DE,2021-05-05,False,,,ERROR_CP_659
ERROR_CP_668,,ZF,[],ERROR_CP,ERROR_CP_668,Glue,Glue,G-S41,G-S41,DE,2021-05-05,False,,,ERROR_CP_668
ERROR_CP_677,,ZF,[],ERROR_CP,ERROR_CP_677,Glue,Glue,G-S41,G-S41,DE,2021-05-05,False,,,ERROR_CP_677
ERROR_CP_686,,ZF,[],ERROR_CP,ERROR_CP_686,Glue,Glue,G-S41,G-S41,DE,2021-05-05,False,,,ERROR_CP_686
ERROR_CP_695,,ZF,[],ERROR_CP,ERROR_CP_695,Glue,Glue,G-S41,G-S41,DE,2021-05-05,False,,,ERROR_CP_695
ERROR_CP_704,,ZF,[],ERROR_CP,ERROR_CP_704,Glue,Glue,G-S41,G-S41,DE,2021-05-05,False,,,ERROR_CP_704
ERROR_CP_713,,ZF,[],ERROR_CP,ERROR_CP_713,Glue,Glue,G-S41,G-S41,DE,2021-05-05,False,,,ERROR_CP_713
ERROR_CP_722,,ZF,[],ERROR_CP,ERROR_CP_722,Glue,Glue,G-S41,G-S41,DE,2021-05-05,False,,,ERROR_CP_722
ERROR_CP_731,,ZF,[],ERROR_CP,ERROR_CP_731,Glue,Glue,G-S41,G-S41,DE,2021-05-05,False,,,ERROR_CP_731
ERROR_CP_740,,ZF,[],ERROR_CP,ERROR_CP_740,Glue,Glue,G-S41,G-S41,DE,2021-05-05,False,,,ERROR_CP_740
ERROR_CP_749,,ZF,[],ERROR_CP,ERROR_CP_749,Glue,Glue,G-S41,G-S41,DE,2021-05-05,False,,,ERROR_CP_749
ERROR_CP_758,,ZF,[],ERROR_CP,ERROR_CP_758,Glue,Glue,G-S41,G-S41,DE,2021-05-05,False,,,ERROR_CP_758
ERROR_CP_767,,ZF,[],ERROR_CP,ERROR_CP_767,Glue,Glue,G-S41,G-S41,DE,2021-05-05,False,,,ERROR_CP_767
ERROR_CP_776,,ZF,[],ERROR_CP,ERROR_CP_776,Glue,Glue,G-S41,G-S41,DE,2021-05-05,False,,,ERROR_CP_776
ERROR_CP_785,,ZF,[],ERROR_CP,ERROR_CP_785,Glue,Glue,G-S41,G-S41,DE,2021-05-05,False,,,ERROR_CP_785
ERROR_CP_794,,ZF,[],ERROR_CP,ERROR_CP_794,Glue,Glue,G-S41,G-S41,DE,2021-05-05,False,,,ERROR_CP_794
ERROR_CP_803,,ZF,[],ERROR_CP,ERROR_CP_803,Glue,Glue,G-S41,G-S41,DE,2021-05-05,False,,,ERROR_CP_803
ERROR_CP_812,,ZF,[],ERROR_CP,ERROR_CP_812,Glue,Glue,G-S41,G-S41,DE,2021-05-05,False,,,ERROR_CP_812
ERROR_CP_821,,ZF,[],ERROR_CP,ERROR_CP_821,Glue,Glue,G-S41,G-S41,DE,2021-05-05,False,,,ERROR_CP_821
ERROR_CP_830,,ZF,[],ERROR_CP,ERROR_CP_830,Glue,Glue,G-S41,G-S41,DE,2021-05-05,False,,,ERROR_CP_830
ERROR_CP_839,,ZF,[],ERROR_CP,ERROR_CP_839,Glue,Glue,G-S41,G-S41,DE,2021-05-05,False,,,ERROR_CP_839
ERROR_CP_848,,ZF,[],ERROR_CP,ERROR_CP_848,Glue,Glue,G-S41,G-S41,DE,2021-05-05,False,,,ERROR_CP_848
ERROR_CP_857,,ZF,[],ERROR_CP,ERROR_CP_857,Glue,Glue,G-S41,G-S41,DE,2021-05-05,False,,,ERROR_CP_857
ERROR_CP_866,,ZF,[],ERROR_CP,ERROR_CP_866,Glue,Glue,G-S41,G-S41,DE,2021-05-05,False,,,ERROR_CP_866
ERROR_CP_875,,ZF,[],ERROR_CP,ERROR_CP_875,Glue,Glue,G-S41,G-S41,DE,2021-05-05,False,,,ERROR_CP_875
ERROR_CP_884,,ZF,[],ERROR_CP,ERROR_CP_884,Glue,Glue,G-S41,G-S41,DE,2021-05-05,False,,,ERROR_CP_884
ERROR_CP_893,,ZF,[],ERROR_CP,ERROR_CP_893,Glue,Glue,G-S41,G-S41,DE,2021-05-05,False,,,ERROR_CP_893
ERROR_CP_3,,BOSCH,[],ERROR_CP,ERROR_CP_3,Glue,Glue,G-S41,G-S41,DE,2021-05-05,False,,,ERROR_CP_3
ERROR_CP_12,,BOSCH,[],ERROR_CP,ERROR_CP_12,Glue,Glue,G-S41,G-S41,DE,2021-05-05,False,,,ERROR_CP_12
ERROR_CP_21,,BOSCH,[],ERROR_CP,ERROR_CP_21,Glue,Glue,G-S41,G-S41,DE,2021-05-05,False,,,ERROR_CP_21
ERROR_CP_30,,BOSCH,[],ERROR_CP,ERROR_CP_30,Glue,Glue,G-S41,G-S41,DE,2021-05-05,False,,,ERROR_CP_30
ERROR_CP_39,,BOSCH,[],ERROR_CP,ERROR_CP_39,Glue,Glue,G-S41,G-S41,DE,2021-05-05,False,,,ERROR_CP_39
ERROR_CP_48,,BOSCH,[],ERROR_CP,ERROR_CP_48,Glue,Glue,G-S41,G-S41,DE,2021-05-05,False,,,ERROR_CP_48
ERROR_CP_57,,BOSCH,[],ERROR_CP,ERROR_CP_57,Glue,Glue,G-S41,G-S41,DE,2021-05-05,False,,,ERROR_CP_57
ERROR_CP_66,,BOSCH,[],ERROR_CP,ERROR_CP_66,Glue,Glue,G-S41,G-S41,DE,2021-05-05,False,,,ERROR_CP_66
ERROR_CP_75,,BOSCH,[],ERROR_CP,ERROR_CP_75,Glue,Glue,G-S41,G-S41,DE,2021-05-05,False,,,ERROR_CP_75
ERROR_CP_84,,BOSCH,[],ERROR_CP,ERROR_CP_84,Glue,Glue,G-S41,G-S41,DE,2021-05-05,False,,,ERROR_CP_84
ERROR_CP_93,,BOSCH,[],ERROR_CP,ERROR_CP_93,Glue,Glue,G-S41,G-S41,DE,2021-05-05,False,,,ERROR_CP_93
ERROR_CP_102,,BOSCH,[],ERROR_CP,ERROR_CP_102,Glue,Glue,G-S41,G-S41,DE,2021-05-05,False,,,ERROR_CP_102
ERROR_CP_111,,BOSCH,[],ERROR_CP,ERROR_CP_111,Glue,Glue,G-S41,G-S41,DE,2021-05-05,False,,,ERROR_CP_111
ERROR_CP_120,,BOSCH,[],ERROR_CP,ERROR_CP_120,Glue,Glue,G-S41,G-S41,DE,2021-05-05,False,,,ERROR_CP_120
ERROR_CP_129,,BOSCH,[],ERROR_CP,ERROR_CP_129,Glue,Glue,G-S41,G-S41,DE,2021-05-05,False,,,ERROR_CP_129
ERROR_CP_138,,BOSCH,[],ERROR_CP,ERROR_CP_138,Glue,Glue,G-S41,G-S41,DE,2021-05-05,False,,,ERROR_CP_138
ERROR_CP_147,,BOSCH,[],ERROR_CP,ERROR_CP_147,Glue,Glue,G-S41,G-S41,DE,2021-05-05,False,,,ERROR_CP_147
ERROR_CP_156,,BOSCH,[],ERROR_CP,ERROR_CP_156,Glue,Glue,G-S41,G-S41,DE,2021-05-05,False,,,ERROR_CP_156
ERROR_CP_165,,BOSCH,[],ERROR_CP,ERROR_CP_165,Glue,Glue,G-S41,G-S41,DE,2021-05-05,False,,,ERROR_CP_165
ERROR_CP_174,,BOSCH,[],ERROR_CP,ERROR_CP_174,Glue,Glue,G-S41,G-S41,DE,2021-05-05,False,,,ERROR_CP_174
ERROR_CP_183,,BOSCH,[],ERROR_CP,ERROR_CP_183,Glue,Glue,G-S41,G-S41,DE,2021-05-05,False,,,ERROR_CP_183
ERROR_CP_192,,BOSCH,[],ERROR_CP,ERROR_CP_192,Glue,Glue,G-S41,G-S41,DE,2021-05-05,False,,,ERROR_CP_192
ERROR_CP_201,,BOSCH,[],ERROR_CP,ERROR_CP_201,Glue,Glue,G-S41,G-S41,DE,2021-05-05,False,,,ERROR_CP_201
ERROR_CP_210,,BOSCH,[],ERROR_CP,ERROR_CP_210,Glue,Glue,G-S41,G-S41,DE,2021-05-05,False,,,ERROR_CP_210
ERROR_CP_219,,BOSCH,[],ERROR_CP,ERROR_CP_219,Glue,Glue,G-S41,G-S41,DE,2021-05-05,False,,,ERROR_CP_219
ERROR_CP_228,,BOSCH,[],ERROR_CP,ERROR_CP_228,Glue,Glue,G-S41,G-S41,DE,2021-05-05,False,,,ERROR_CP_228
ERROR_CP_237,,BOSCH,[],ERROR_CP,ERROR_CP_237,Glue,Glue,G-S41,G-S41,DE,2021-05-05,False,,,ERROR_CP_237
ERROR_CP_246,,BOSCH,[],ERROR_CP,ERROR_CP_246,Glue,Glue,G-S41,G-S41,DE,2021-05-05,False,,,ERROR_CP_246
ERROR_CP_255,,BOSCH,[],ERROR_CP,ERROR_CP_255,Glue,Glue,G-S41,G-S41,DE,2021-05-05,False,,,ERROR_CP_255
ERROR_CP_264,,BOSCH,[],ERROR_CP,ERROR_CP_264,Glue,Glue,G-S41,G-S41,DE,2021-05-05,False,,,ERROR_CP_264
ERROR_CP_273,,BOSCH,[],ERROR_CP,ERROR_CP_273,Glue,Glue,G-S41,G-S41,DE,2021-05-05,False,,,ERROR_CP_273
ERROR_CP_282,,BOSCH,[],ERROR_CP,ERROR_CP_282,Glue,Glue,G-S41,G-S41,DE,2021-05-05,False,,,ERROR_CP_282
ERROR_CP_291,,BOSCH,[],ERROR_CP,ERROR_CP_291,Glue,Glue,G-S41,G-S41,DE,2021-05-05,False,,,ERROR_CP_291
ERROR_CP_300,,BOSCH,[],ERROR_CP,ERROR_CP_300,Glue,Glue,G-S41,G-S41,DE,2021-05-05,False,,,ERROR_CP_300
ERROR_CP_309,,BOSCH,[],ERROR_CP,ERROR_CP_309,Glue,Glue,G-S41,G-S41,DE,2021-05-05,False,,,ERROR_CP_309
ERROR_CP_318,,BOSCH,[],ERROR_CP,ERROR_CP_318,Glue,Glue,G-S41,G-S41,DE,2021-05-05,False,,,ERROR_CP_318
ERROR_CP_327,,BOSCH,[],ERROR_CP,ERROR_CP_327,Glue,Glue,G-S41,G-S41,DE,2021-05-05,False,,,ERROR_CP_327
ERROR_CP_336,,BOSCH,[],ERROR_CP,ERROR_CP_336,Glue,Glue,G-S41,G-S41,DE,2021-05-05,False,,,ERROR_CP_336
ERROR_CP_345,,BOSCH,[],ERROR_CP,ERROR_CP_345,Glue,Glue,G-S41,G-S41,DE,2021-05-05,False,,,ERROR_CP_345
ERROR_CP_354,,BOSCH,[],ERROR_CP,ERROR_CP_354,Glue,Glue,G-S41,G-S41,DE,2021-05-05,False,,,ERROR_CP_354
ERROR_CP_363,,BOSCH,[],ERROR_CP,ERROR_CP_363,Glue,Glue,G-S41,G-S41,DE,2021-05-05,False,,,ERROR_CP_363
ERROR_CP_372,,BOSCH,[],ERROR_CP,ERROR_CP_372,Glue,Glue,G-S41,G-S41,DE,2021-05-05,False,,,ERROR_CP_372
ERROR_CP_381,,BOSCH,[],ERROR_CP,ERROR_CP_381,Glue,Glue,G-S41,G-S41,DE,2021-05-05,False,,,ERROR_CP_381
ERROR_CP_390,,BOSCH,[],ERROR_CP,ERROR_CP_390,Glue,Glue,G-S41,G-S41,DE,2021-05-05,False,,,ERROR_CP_390
ERROR_CP_399,,BOSCH,[],ERROR_CP,ERROR_CP_399,Glue,Glue,G-S41,G-S41,DE,2021-05-05,False,,,ERROR_CP_399
ERROR_CP_408,,BOSCH,[],ERROR_CP,ERROR_CP_408,Glue,Glue,G-S41,G-S41,DE,2021-05-05,False,,,ERROR_CP_408
ERROR_CP_417,,BOSCH,[],ERROR_CP,ERROR_CP_417,Glue,Glue,G-S41,G-S41,DE,2021-05-05,False,,,ERROR_CP_417
ERROR_CP_426,,BOSCH,[],ERROR_CP,ERROR_CP_426,Glue,Glue,G-S41,G-S41,DE,2021-05-05,False,,,ERROR_CP_426
ERROR_CP_435,,BOSCH,[],ERROR_CP,ERROR_CP_435,Glue,Glue,G-S41,G-S41,DE,2021-05-05,False,,,ERROR_CP_435
ERROR_CP_444,,BOSCH,[],ERROR_CP,ERROR_CP_444,Glue,Glue,G-S41,G-S41,DE,2021-05-05,False,,,ERROR_CP_444
ERROR_CP_453,,BOSCH,[],ERROR_CP,ERROR_CP_453,Glue,Glue,G-S41,G-S41,DE,2021-05-05,False,,,ERROR_CP_453
ERROR_CP_462,,BOSCH,[],ERROR_CP,ERROR_CP_462,Glue,Glue,G-S41,G-S41,DE,2021-05-05,False,,,ERROR_CP_462
ERROR_CP_471,,BOSCH,[],ERROR_CP,ERROR_CP_471,Glue,Glue,G-S41,G-S41,DE,2021-05-05,False,,,ERROR_CP_471
ERROR_CP_480,,BOSCH,[],ERROR_CP,ERROR_CP_480,Glue,Glue,G-S41,G-S41,DE,2021-05-05,False,,,ERROR_CP_480
ERROR_CP_489,,BOSCH,[],ERROR_CP,ERROR_CP_489,Glue,Glue,G-S41,G-S41,DE,2021-05-05,False,,,ERROR_CP_489
ERROR_CP_498,,BOSCH,[],ERROR_CP,ERROR_CP_498,Glue,Glue,G-S41,G-S41,DE,2021-05-05,False,,,ERROR_CP_498
ERROR_CP_507,,BOSCH,[],ERROR_CP,ERROR_CP_507,Glue,Glue,G-S41,G-S41,DE,2021-05-05,False,,,ERROR_CP_507
ERROR_CP_516,,BOSCH,[],ERROR_CP,ERROR_CP_516,Glue,Glue,G-S41,G-S41,DE,2021-05-05,False,,,ERROR_CP_516
ERROR_CP_525,,BOSCH,[],ERROR_CP,ERROR_CP_525,Glue,Glue,G-S41,G-S41,DE,2021-05-05,False,,,ERROR_CP_525
ERROR_CP_534,,BOSCH,[],ERROR_CP,ERROR_CP_534,Glue,Glue,G-S41,G-S41,DE,2021-05-05,False,,,ERROR_CP_534
ERROR_CP_543,,BOSCH,[],ERROR_CP,ERROR_CP_543,Glue,Glue,G-S41,G-S41,DE,2021-05-05,False,,,ERROR_CP_543
ERROR_CP_552,,BOSCH,[],ERROR_CP,ERROR_CP_552,Glue,Glue,G-S41,G-S41,DE,2021-05-05,False,,,ERROR_CP_552
ERROR_CP_561,,BOSCH,[],ERROR_CP,ERROR_CP_561,Glue,Glue,G-S41,G-S41,DE,2021-05-05,False,,,ERROR_CP_561
ERROR_CP_570,,BOSCH,[],ERROR_CP,ERROR_CP_570,Glue,Glue,G-S41,G-S41,DE,2021-05-05,False,,,ERROR_CP_570
ERROR_CP_579,,BOSCH,[],ERROR_CP,ERROR_CP_579,Glue,Glue,G-S41,G-S41,DE,2021-05-05,False,,,ERROR_CP_579
ERROR_CP_588,,BOSCH,[],ERROR_CP,ERROR_CP_588,Glue,Glue,G-S41,G-S41,DE,2021-05-05,False,,,ERROR_CP_588
ERROR_CP_597,,BOSCH,[],ERROR_CP,ERROR_CP_597,Glue,Glue,G-S41,G-S41,DE,2021-05-05,False,,,ERROR_CP_597
ERROR_CP_606,,BOSCH,[],ERROR_CP,ERROR_CP_606,Glue,Glue,G-S41,G-S41,DE,2021-05-05,False,,,ERROR_CP_606
ERROR_CP_615,,BOSCH,[],ERROR_CP,ERROR_CP_615,Glue,Glue,G-S41,G-S41,DE,2021-05-05,False,,,ERROR_CP_615
ERROR_CP_624,,BOSCH,[],ERROR_CP,ERROR_CP_624,Glue,Glue,G-S41,G-S41,DE,2021-05-05,False,,,ERROR_CP_624
ERROR_CP_633,,BOSCH,[],ERROR_CP,ERROR_CP_633,Glue,Glue,G-S41,G-S41,DE,2021-05-05,False,,,ERROR_CP_633
ERROR_CP_642,,BOSCH,[],ERROR_CP,ERROR_CP_642,Glue,Glue,G-S41,G-S41,DE,2021-05-05,False,,,ERROR_CP_642
ERROR_CP_651,,BOSCH,[],ERROR_CP,ERROR_CP_651,Glue,Glue,G-S41,G-S41,DE,2021-05-05,False,,,ERROR_CP_651
ERROR_CP_660,,BOSCH,[],ERROR_CP,ERROR_CP_660,Glue,Glue,G-S41,G-S41,DE,2021-05-05,False,,,ERROR_CP_660
ERROR_CP_669,,BOSCH,[],ERROR_CP,ERROR_CP_669,Glue,Glue,G-S41,G-S41,DE,2021-05-05,False,,,ERROR_CP_669
ERROR_CP_678,,BOSCH,[],ERROR_CP,ERROR_CP_678,Glue,Glue,G-S41,G-S41,DE,2021-05-05,False,,,ERROR_CP_678
ERROR_CP_687,,BOSCH,[],ERROR_CP,ERROR_CP_687,Glue,Glue,G-S41,G-S41,DE,2021-05-05,False,,,ERROR_CP_687
ERROR_CP_696,,BOSCH,[],ERROR_CP,ERROR_CP_696,Glue,Glue,G-S41,G-S41,DE,2021-05-05,False,,,ERROR_CP_696
ERROR_CP_705,,BOSCH,[],ERROR_CP,ERROR_CP_705,Glue,Glue,G-S41,G-S41,DE,2021-05-05,False,,,ERROR_CP_705
ERROR_CP_714,,BOSCH,[],ERROR_CP,ERROR_CP_714,Glue,Glue,G-S41,G-S41,DE,2021-05-05,False,,,ERROR_CP_714
ERROR_CP_723,,BOSCH,[],ERROR_CP,ERROR_CP_723,Glue,Glue,G-S41,G-S41,DE,2021-05-05,False,,,ERROR_CP_723
ERROR_CP_732,,BOSCH,[],ERROR_CP,ERROR_CP_732,Glue,Glue,G-S41,G-S41,DE,2021-05-05,False,,,ERROR_CP_732
ERROR_CP_741,,BOSCH,[],ERROR_CP,ERROR_CP_741,Glue,Glue,G-S41,G-S41,DE,2021-05-05,False,,,ERROR_CP_741
ERROR_CP_750,,BOSCH,[],ERROR_CP,ERROR_CP_750,Glue,Glue,G-S41,G-S41,DE,2021-05-05,False,,,ERROR_CP_750
ERROR_CP_759,,BOSCH,[],ERROR_CP,ERROR_CP_759,Glue,Glue,G-S41,G-S41,DE,2021-05-05,False,,,ERROR_CP_759
ERROR_CP_768,,BOSCH,[],ERROR_CP,ERROR_CP_768,Glue,Glue,G-S41,G-S41,DE,2021-05-05,False,,,ERROR_CP_768
ERROR_CP_777,,BOSCH,[],ERROR_CP,ERROR_CP_777,Glue,Glue,G-S41,G-S41,DE,2021-05-05,False,,,ERROR_CP_777
ERROR_CP_786,,BOSCH,[],ERROR_CP,ERROR_CP_786,Glue,Glue,G-S41,G-S41,DE,2021-05-05,False,,,ERROR_CP_786
ERROR_CP_795,,BOSCH,[],ERROR_CP,ERROR_CP_795,Glue,Glue,G-S41,G-S41,DE,2021-05-05,False,,,ERROR_CP_795
ERROR_CP_804,,BOSCH,[],ERROR_CP,ERROR_CP_804,Glue,Glue,G-S41,G-S41,DE,2021-05-05,False,,,ERROR_CP_804
ERROR_CP_813,,BOSCH,[],ERROR_CP,ERROR_CP_813,Glue,Glue,G-S41,G-S41,DE,2021-05-05,False,,,ERROR_CP_813
ERROR_CP_822,,BOSCH,[],ERROR_CP,ERROR_CP_822,Glue,Glue,G-S41,G-S41,DE,2021-05-05,False,,,ERROR_CP_822
ERROR_CP_831,,BOSCH,[],ERROR_CP,ERROR_CP_831,Glue,Glue,G-S41,G-S41,DE,2021-05-05,False,,,ERROR_CP_831
ERROR_CP_840,,BOSCH,[],ERROR_CP,ERROR_CP_840,Glue,Glue,G-S41,G-S41,DE,2021-05-05,False,,,ERROR_CP_840
ERROR_CP_849,,BOSCH,[],ERROR_CP,ERROR_CP_849,Glue,Glue,G-S41,G-S41,DE,2021-05-05,False,,,ERROR_CP_849
ERROR_CP_858,,BOSCH,[],ERROR_CP,ERROR_CP_858,Glue,Glue,G-S41,G-S41,DE,2021-05-05,False,,,ERROR_CP_858
ERROR_CP_867,,BOSCH,[],ERROR_CP,ERROR_CP_867,Glue,Glue,G-S41,G-S41,DE,2021-05-05,False,,,ERROR_CP_867
ERROR_CP_876,,BOSCH,[],ERROR_CP,ERROR_CP_876,Glue,Glue,G-S41,G-S41,DE,2021-05-05,False,,,ERROR_CP_876
ERROR_CP_885,,BOSCH,[],ERROR_CP,ERROR_CP_885,Glue,Glue,G-S41,G-S41,DE,2021-05-05,False,,,ERROR_CP_885
ERROR_CP_894,,BOSCH,[],ERROR_CP,ERROR_CP_894,Glue,Glue,G-S41,G-S41,DE,2021-05-05,False,,,ERROR_CP_894
ERROR_CP_4,,BOSCH,[],ERROR_CP,ERROR_CP_4,Glue,Glue,G-S41,G-S41,DE,2021-05-05,False,,,ERROR_CP_4
ERROR_CP_13,,BOSCH,[],ERROR_CP,ERROR_CP_13,Glue,Glue,G-S41,G-S41,DE,2021-05-05,False,,,ERROR_CP_13
ERROR_CP_22,,BOSCH,[],ERROR_CP,ERROR_CP_22,Glue,Glue,G-S41,G-S41,DE,2021-05-05,False,,,ERROR_CP_22
ERROR_CP_31,,BOSCH,[],ERROR_CP,ERROR_CP_31,Glue,Glue,G-S41,G-S41,DE,2021-05-05,False,,,ERROR_CP_31
ERROR_CP_40,,BOSCH,[],ERROR_CP,ERROR_CP_40,Glue,Glue,G-S41,G-S41,DE,2021-05-05,False,,,ERROR_CP_40
ERROR_CP_49,,BOSCH,[],ERROR_CP,ERROR_CP_49,Glue,Glue,G-S41,G-S41,DE,2021-05-05,False,,,ERROR_CP_49
ERROR_CP_58,,BOSCH,[],ERROR_CP,ERROR_CP_58,Glue,Glue,G-S41,G-S41,DE,2021-05-05,False,,,ERROR_CP_58
ERROR_CP_67,,BOSCH,[],ERROR_CP,ERROR_CP_67,Glue,Glue,G-S41,G-S41,DE,2021-05-05,False,,,ERROR_CP_67
ERROR_CP_76,,BOSCH,[],ERROR_CP,ERROR_CP_76,Glue,Glue,G-S41,G-S41,DE,2021-05-05,False,,,ERROR_CP_76
ERROR_CP_85,,BOSCH,[],ERROR_CP,ERROR_CP_85,Glue,Glue,G-S41,G-S41,DE,2021-05-05,False,,,ERROR_CP_85
ERROR_CP_94,,BOSCH,[],ERROR_CP,ERROR_CP_94,Glue,Glue,G-S41,G-S41,DE,2021-05-05,False,,,ERROR_CP_94
ERROR_CP_103,,BOSCH,[],ERROR_CP,ERROR_CP_103,Glue,Glue,G-S41,G-S41,DE,2021-05-05,False,,,ERROR_CP_103
ERROR_CP_112,,BOSCH,[],ERROR_CP,ERROR_CP_112,Glue,Glue,G-S41,G-S41,DE,2021-05-05,False,,,ERROR_CP_112
ERROR_CP_121,,BOSCH,[],ERROR_CP,ERROR_CP_121,Glue,Glue,G-S41,G-S41,DE,2021-05-05,False,,,ERROR_CP_121
ERROR_CP_130,,BOSCH,[],ERROR_CP,ERROR_CP_130,Glue,Glue,G-S41,G-S41,DE,2021-05-05,False,,,ERROR_CP_130
ERROR_CP_139,,BOSCH,[],ERROR_CP,ERROR_CP_139,Glue,Glue,G-S41,G-S41,DE,2021-05-05,False,,,ERROR_CP_139
ERROR_CP_148,,BOSCH,[],ERROR_CP,ERROR_CP_148,Glue,Glue,G-S41,G-S41,DE,2021-05-05,False,,,ERROR_CP_148
ERROR_CP_157,,BOSCH,[],ERROR_CP,ERROR_CP_157,Glue,Glue,G-S41,G-S41,DE,2021-05-05,False,,,ERROR_CP_157
ERROR_CP_166,,BOSCH,[],ERROR_CP,ERROR_CP_166,Glue,Glue,G-S41,G-S41,DE,2021-05-05,False,,,ERROR_CP_166
ERROR_CP_175,,BOSCH,[],ERROR_CP,ERROR_CP_175,Glue,Glue,G-S41,G-S41,DE,2021-05-05,False,,,ERROR_CP_175
ERROR_CP_184,,BOSCH,[],ERROR_CP,ERROR_CP_184,Glue,Glue,G-S41,G-S41,DE,2021-05-05,False,,,ERROR_CP_184
ERROR_CP_193,,BOSCH,[],ERROR_CP,ERROR_CP_193,Glue,Glue,G-S41,G-S41,DE,2021-05-05,False,,,ERROR_CP_193
ERROR_CP_202,,BOSCH,[],ERROR_CP,ERROR_CP_202,Glue,Glue,G-S41,G-S41,DE,2021-05-05,False,,,ERROR_CP_202
ERROR_CP_211,,BOSCH,[],ERROR_CP,ERROR_CP_211,Glue,Glue,G-S41,G-S41,DE,2021-05-05,False,,,ERROR_CP_211
ERROR_CP_220,,BOSCH,[],ERROR_CP,ERROR_CP_220,Glue,Glue,G-S41,G-S41,DE,2021-05-05,False,,,ERROR_CP_220
ERROR_CP_229,,BOSCH,[],ERROR_CP,ERROR_CP_229,Glue,Glue,G-S41,G-S41,DE,2021-05-05,False,,,ERROR_CP_229
ERROR_CP_238,,BOSCH,[],ERROR_CP,ERROR_CP_238,Glue,Glue,G-S41,G-S41,DE,2021-05-05,False,,,ERROR_CP_238
ERROR_CP_247,,BOSCH,[],ERROR_CP,ERROR_CP_247,Glue,Glue,G-S41,G-S41,DE,2021-05-05,False,,,ERROR_CP_247
ERROR_CP_256,,BOSCH,[],ERROR_CP,ERROR_CP_256,Glue,Glue,G-S41,G-S41,DE,2021-05-05,False,,,ERROR_CP_256
ERROR_CP_265,,BOSCH,[],ERROR_CP,ERROR_CP_265,Glue,Glue,G-S41,G-S41,DE,2021-05-05,False,,,ERROR_CP_265
ERROR_CP_274,,BOSCH,[],ERROR_CP,ERROR_CP_274,Glue,Glue,G-S41,G-S41,DE,2021-05-05,False,,,ERROR_CP_274
ERROR_CP_283,,BOSCH,[],ERROR_CP,ERROR_CP_283,Glue,Glue,G-S41,G-S41,DE,2021-05-05,False,,,ERROR_CP_283
ERROR_CP_292,,BOSCH,[],ERROR_CP,ERROR_CP_292,Glue,Glue,G-S41,G-S41,DE,2021-05-05,False,,,ERROR_CP_292
ERROR_CP_301,,BOSCH,[],ERROR_CP,ERROR_CP_301,Glue,Glue,G-S41,G-S41,DE,2021-05-05,False,,,ERROR_CP_301
ERROR_CP_310,,BOSCH,[],ERROR_CP,ERROR_CP_310,Glue,Glue,G-S41,G-S41,DE,2021-05-05,False,,,ERROR_CP_310
ERROR_CP_319,,BOSCH,[],ERROR_CP,ERROR_CP_319,Glue,Glue,G-S41,G-S41,DE,2021-05-05,False,,,ERROR_CP_319
ERROR_CP_328,,BOSCH,[],ERROR_CP,ERROR_CP_328,Glue,Glue,G-S41,G-S41,DE,2021-05-05,False,,,ERROR_CP_328
ERROR_CP_337,,BOSCH,[],ERROR_CP,ERROR_CP_337,Glue,Glue,G-S41,G-S41,DE,2021-05-05,False,,,ERROR_CP_337
ERROR_CP_346,,BOSCH,[],ERROR_CP,ERROR_CP_346,Glue,Glue,G-S41,G-S41,DE,2021-05-05,False,,,ERROR_CP_346
ERROR_CP_355,,BOSCH,[],ERROR_CP,ERROR_CP_355,Glue,Glue,G-S41,G-S41,DE,2021-05-05,False,,,ERROR_CP_355
ERROR_CP_364,,BOSCH,[],ERROR_CP,ERROR_CP_364,Glue,Glue,G-S41,G-S41,DE,2021-05-05,False,,,ERROR_CP_364
ERROR_CP_373,,BOSCH,[],ERROR_CP,ERROR_CP_373,Glue,Glue,G-S41,G-S41,DE,2021-05-05,False,,,ERROR_CP_373
ERROR_CP_382,,BOSCH,[],ERROR_CP,ERROR_CP_382,Glue,Glue,G-S41,G-S41,DE,2021-05-05,False,,,ERROR_CP_382
ERROR_CP_391,,BOSCH,[],ERROR_CP,ERROR_CP_391,Glue,Glue,G-S41,G-S41,DE,2021-05-05,False,,,ERROR_CP_391
ERROR_CP_400,,BOSCH,[],ERROR_CP,ERROR_CP_400,Glue,Glue,G-S41,G-S41,DE,2021-05-05,False,,,ERROR_CP_400
ERROR_CP_409,,BOSCH,[],ERROR_CP,ERROR_CP_409,Glue,Glue,G-S41,G-S41,DE,2021-05-05,False,,,ERROR_CP_409
ERROR_CP_418,,BOSCH,[],ERROR_CP,ERROR_CP_418,Glue,Glue,G-S41,G-S41,DE,2021-05-05,False,,,ERROR_CP_418
ERROR_CP_427,,BOSCH,[],ERROR_CP,ERROR_CP_427,Glue,Glue,G-S41,G-S41,DE,2021-05-05,False,,,ERROR_CP_427
ERROR_CP_436,,BOSCH,[],ERROR_CP,ERROR_CP_436,Glue,Glue,G-S41,G-S41,DE,2021-05-05,False,,,ERROR_CP_436
ERROR_CP_445,,BOSCH,[],ERROR_CP,ERROR_CP_445,Glue,Glue,G-S41,G-S41,DE,2021-05-05,False,,,ERROR_CP_445
ERROR_CP_454,,BOSCH,[],ERROR_CP,ERROR_CP_454,Glue,Glue,G-S41,G-S41,DE,2021-05-05,False,,,ERROR_CP_454
ERROR_CP_463,,BOSCH,[],ERROR_CP,ERROR_CP_463,Glue,Glue,G-S41,G-S41,DE,2021-05-05,False,,,ERROR_CP_463
ERROR_CP_472,,BOSCH,[],ERROR_CP,ERROR_CP_472,Glue,Glue,G-S41,G-S41,DE,2021-05-05,False,,,ERROR_CP_472
ERROR_CP_481,,BOSCH,[],ERROR_CP,ERROR_CP_481,Glue,Glue,G-S41,G-S41,DE,2021-05-05,False,,,ERROR_CP_481
ERROR_CP_490,,BOSCH,[],ERROR_CP,ERROR_CP_490,Glue,Glue,G-S41,G-S41,DE,2021-05-05,False,,,ERROR_CP_490
ERROR_CP_499,,BOSCH,[],ERROR_CP,ERROR_CP_499,Glue,Glue,G-S41,G-S41,DE,2021-05-05,False,,,ERROR_CP_499
ERROR_CP_508,,BOSCH,[],ERROR_CP,ERROR_CP_508,Glue,Glue,G-S41,G-S41,DE,2021-05-05,False,,,ERROR_CP_508
ERROR_CP_517,,BOSCH,[],ERROR_CP,ERROR_CP_517,Glue,Glue,G-S41,G-S41,DE,2021-05-05,False,,,ERROR_CP_517
ERROR_CP_526,,BOSCH,[],ERROR_CP,ERROR_CP_526,Glue,Glue,G-S41,G-S41,DE,2021-05-05,False,,,ERROR_CP_526
ERROR_CP_535,,BOSCH,[],ERROR_CP,ERROR_CP_535,Glue,Glue,G-S41,G-S41,DE,2021-05-05,False,,,ERROR_CP_535
ERROR_CP_544,,BOSCH,[],ERROR_CP,ERROR_CP_544,Glue,Glue,G-S41,G-S41,DE,2021-05-05,False,,,ERROR_CP_544
ERROR_CP_553,,BOSCH,[],ERROR_CP,ERROR_CP_553,Glue,Glue,G-S41,G-S41,DE,2021-05-05,False,,,ERROR_CP_553
ERROR_CP_562,,BOSCH,[],ERROR_CP,ERROR_CP_562,Glue,Glue,G-S41,G-S41,DE,2021-05-05,False,,,ERROR_CP_562
ERROR_CP_571,,BOSCH,[],ERROR_CP,ERROR_CP_571,Glue,Glue,G-S41,G-S41,DE,2021-05-05,False,,,ERROR_CP_571
ERROR_CP_580,,BOSCH,[],ERROR_CP,ERROR_CP_580,Glue,Glue,G-S41,G-S41,DE,2021-05-05,False,,,ERROR_CP_580
ERROR_CP_589,,BOSCH,[],ERROR_CP,ERROR_CP_589,Glue,Glue,G-S41,G-S41,DE,2021-05-05,False,,,ERROR_CP_589
ERROR_CP_598,,BOSCH,[],ERROR_CP,ERROR_CP_598,Glue,Glue,G-S41,G-S41,DE,2021-05-05,False,,,ERROR_CP_598
ERROR_CP_607,,BOSCH,[],ERROR_CP,ERROR_CP_607,Glue,Glue,G-S41,G-S41,DE,2021-05-05,False,,,ERROR_CP_607
ERROR_CP_616,,BOSCH,[],ERROR_CP,ERROR_CP_616,Glue,Glue,G-S41,G-S41,DE,2021-05-05,False,,,ERROR_CP_616
ERROR_CP_625,,BOSCH,[],ERROR_CP,ERROR_CP_625,Glue,Glue,G-S41,G-S41,DE,2021-05-05,False,,,ERROR_CP_625
ERROR_CP_634,,BOSCH,[],ERROR_CP,ERROR_CP_634,Glue,Glue,G-S41,G-S41,DE,2021-05-05,False,,,ERROR_CP_634
ERROR_CP_643,,BOSCH,[],ERROR_CP,ERROR_CP_643,Glue,Glue,G-S41,G-S41,DE,2021-05-05,False,,,ERROR_CP_643
ERROR_CP_652,,BOSCH,[],ERROR_CP,ERROR_CP_652,Glue,Glue,G-S41,G-S41,DE,2021-05-05,False,,,ERROR_CP_652
ERROR_CP_661,,BOSCH,[],ERROR_CP,ERROR_CP_661,Glue,Glue,G-S41,G-S41,DE,2021-05-05,False,,,ERROR_CP_661
ERROR_CP_670,,BOSCH,[],ERROR_CP,ERROR_CP_670,Glue,Glue,G-S41,G-S41,DE,2021-05-05,False,,,ERROR_CP_670
ERROR_CP_679,,BOSCH,[],ERROR_CP,ERROR_CP_679,Glue,Glue,G-S41,G-S41,DE,2021-05-05,False,,,ERROR_CP_679
ERROR_CP_688,,BOSCH,[],ERROR_CP,ERROR_CP_688,Glue,Glue,G-S41,G-S41,DE,2021-05-05,False,,,ERROR_CP_688
ERROR_CP_697,,BOSCH,[],ERROR_CP,ERROR_CP_697,Glue,Glue,G-S41,G-S41,DE,2021-05-05,False,,,ERROR_CP_697
ERROR_CP_706,,BOSCH,[],ERROR_CP,ERROR_CP_706,Glue,Glue,G-S41,G-S41,DE,2021-05-05,False,,,ERROR_CP_706
ERROR_CP_715,,BOSCH,[],ERROR_CP,ERROR_CP_715,Glue,Glue,G-S41,G-S41,DE,2021-05-05,False,,,ERROR_CP_715
ERROR_CP_724,,BOSCH,[],ERROR_CP,ERROR_CP_724,Glue,Glue,G-S41,G-S41,DE,2021-05-05,False,,,ERROR_CP_724
ERROR_CP_733,,BOSCH,[],ERROR_CP,ERROR_CP_733,Glue,Glue,G-S41,G-S41,DE,2021-05-05,False,,,ERROR_CP_733
ERROR_CP_742,,BOSCH,[],ERROR_CP,ERROR_CP_742,Glue,Glue,G-S41,G-S41,DE,2021-05-05,False,,,ERROR_CP_742
ERROR_CP_751,,BOSCH,[],ERROR_CP,ERROR_CP_751,Glue,Glue,G-S41,G-S41,DE,2021-05-05,False,,,ERROR_CP_751
ERROR_CP_760,,BOSCH,[],ERROR_CP,ERROR_CP_760,Glue,Glue,G-S41,G-S41,DE,2021-05-05,False,,,ERROR_CP_760
ERROR_CP_769,,BOSCH,[],ERROR_CP,ERROR_CP_769,Glue,Glue,G-S41,G-S41,DE,2021-05-05,False,,,ERROR_CP_769
ERROR_CP_778,,BOSCH,[],ERROR_CP,ERROR_CP_778,Glue,Glue,G-S41,G-S41,DE,2021-05-05,False,,,ERROR_CP_778
ERROR_CP_787,,BOSCH,[],ERROR_CP,ERROR_CP_787,Glue,Glue,G-S41,G-S41,DE,2021-05-05,False,,,ERROR_CP_787
ERROR_CP_796,,BOSCH,[],ERROR_CP,ERROR_CP_796,Glue,Glue,G-S41,G-S41,DE,2021-05-05,False,,,ERROR_CP_796
ERROR_CP_805,,BOSCH,[],ERROR_CP,ERROR_CP_805,Glue,Glue,G-S41,G-S41,DE,2021-05-05,False,,,ERROR_CP_805
ERROR_CP_814,,BOSCH,[],ERROR_CP,ERROR_CP_814,Glue,Glue,G-S41,G-S41,DE,2021-05-05,False,,,ERROR_CP_814
ERROR_CP_823,,BOSCH,[],ERROR_CP,ERROR_CP_823,Glue,Glue,G-S41,G-S41,DE,2021-05-05,False,,,ERROR_CP_823
ERROR_CP_832,,BOSCH,[],ERROR_CP,ERROR_CP_832,Glue,Glue,G-S41,G-S41,DE,2021-05-05,False,,,ERROR_CP_832
ERROR_CP_841,,BOSCH,[],ERROR_CP,ERROR_CP_841,Glue,Glue,G-S41,G-S41,DE,2021-05-05,False,,,ERROR_CP_841
ERROR_CP_850,,BOSCH,[],ERROR_CP,ERROR_CP_850,Glue,Glue,G-S41,G-S41,DE,2021-05-05,False,,,ERROR_CP_850
ERROR_CP_859,,BOSCH,[],ERROR_CP,ERROR_CP_859,Glue,Glue,G-S41,G-S41,DE,2021-05-05,False,,,ERROR_CP_859
ERROR_CP_868,,BOSCH,[],ERROR_CP,ERROR_CP_868,Glue,Glue,G-S41,G-S41,DE,2021-05-05,False,,,ERROR_CP_868
ERROR_CP_877,,BOSCH,[],ERROR_CP,ERROR_CP_877,Glue,Glue,G-S41,G-S41,DE,2021-05-05,False,,,ERROR_CP_877
ERROR_CP_886,,BOSCH,[],ERROR_CP,ERROR_CP_886,Glue,Glue,G-S41,G-S41,DE,2021-05-05,False,,,ERROR_CP_886
ERROR_CP_895,,BOSCH,[],ERROR_CP,ERROR_CP_895,Glue,Glue,G-S41,G-S41,DE,2021-05-05,False,,,ERROR_CP_895
ERROR_CP_5,,BOSCH,[],ERROR_CP,ERROR_CP_5,Glue,Glue,G-S41,G-S41,DE,2021-05-05,False,,,ERROR_CP_5
ERROR_CP_14,,BOSCH,[],ERROR_CP,ERROR_CP_14,Glue,Glue,G-S41,G-S41,DE,2021-05-05,False,,,ERROR_CP_14
ERROR_CP_23,,BOSCH,[],ERROR_CP,ERROR_CP_23,Glue,Glue,G-S41,G-S41,DE,2021-05-05,False,,,ERROR_CP_23
ERROR_CP_32,,BOSCH,[],ERROR_CP,ERROR_CP_32,Glue,Glue,G-S41,G-S41,DE,2021-05-05,False,,,ERROR_CP_32
ERROR_CP_41,,BOSCH,[],ERROR_CP,ERROR_CP_41,Glue,Glue,G-S41,G-S41,DE,2021-05-05,False,,,ERROR_CP_41
ERROR_CP_50,,BOSCH,[],ERROR_CP,ERROR_CP_50,Glue,Glue,G-S41,G-S41,DE,2021-05-05,False,,,ERROR_CP_50
ERROR_CP_59,,BOSCH,[],ERROR_CP,ERROR_CP_59,Glue,Glue,G-S41,G-S41,DE,2021-05-05,False,,,ERROR_CP_59
ERROR_CP_68,,BOSCH,[],ERROR_CP,ERROR_CP_68,Glue,Glue,G-S41,G-S41,DE,2021-05-05,False,,,ERROR_CP_68
ERROR_CP_77,,BOSCH,[],ERROR_CP,ERROR_CP_77,Glue,Glue,G-S41,G-S41,DE,2021-05-05,False,,,ERROR_CP_77
ERROR_CP_86,,BOSCH,[],ERROR_CP,ERROR_CP_86,Glue,Glue,G-S41,G-S41,DE,2021-05-05,False,,,ERROR_CP_86
ERROR_CP_95,,BOSCH,[],ERROR_CP,ERROR_CP_95,Glue,Glue,G-S41,G-S41,DE,2021-05-05,False,,,ERROR_CP_95
ERROR_CP_104,,BOSCH,[],ERROR_CP,ERROR_CP_104,Glue,Glue,G-S41,G-S41,DE,2021-05-05,False,,,ERROR_CP_104
ERROR_CP_113,,BOSCH,[],ERROR_CP,ERROR_CP_113,Glue,Glue,G-S41,G-S41,DE,2021-05-05,False,,,ERROR_CP_113
ERROR_CP_122,,BOSCH,[],ERROR_CP,ERROR_CP_122,Glue,Glue,G-S41,G-S41,DE,2021-05-05,False,,,ERROR_CP_122
ERROR_CP_131,,BOSCH,[],ERROR_CP,ERROR_CP_131,Glue,Glue,G-S41,G-S41,DE,2021-05-05,False,,,ERROR_CP_131
ERROR_CP_140,,BOSCH,[],ERROR_CP,ERROR_CP_140,Glue,Glue,G-S41,G-S41,DE,2021-05-05,False,,,ERROR_CP_140
ERROR_CP_149,,BOSCH,[],ERROR_CP,ERROR_CP_149,Glue,Glue,G-S41,G-S41,DE,2021-05-05,False,,,ERROR_CP_149
ERROR_CP_158,,BOSCH,[],ERROR_CP,ERROR_CP_158,Glue,Glue,G-S41,G-S41,DE,2021-05-05,False,,,ERROR_CP_158
ERROR_CP_167,,BOSCH,[],ERROR_CP,ERROR_CP_167,Glue,Glue,G-S41,G-S41,DE,2021-05-05,False,,,ERROR_CP_167
ERROR_CP_176,,BOSCH,[],ERROR_CP,ERROR_CP_176,Glue,Glue,G-S41,G-S41,DE,2021-05-05,False,,,ERROR_CP_176
ERROR_CP_185,,BOSCH,[],ERROR_CP,ERROR_CP_185,Glue,Glue,G-S41,G-S41,DE,2021-05-05,False,,,ERROR_CP_185
ERROR_CP_194,,BOSCH,[],ERROR_CP,ERROR_CP_194,Glue,Glue,G-S41,G-S41,DE,2021-05-05,False,,,ERROR_CP_194
ERROR_CP_203,,BOSCH,[],ERROR_CP,ERROR_CP_203,Glue,Glue,G-S41,G-S41,DE,2021-05-05,False,,,ERROR_CP_203
ERROR_CP_212,,BOSCH,[],ERROR_CP,ERROR_CP_212,Glue,Glue,G-S41,G-S41,DE,2021-05-05,False,,,ERROR_CP_212
ERROR_CP_221,,BOSCH,[],ERROR_CP,ERROR_CP_221,Glue,Glue,G-S41,G-S41,DE,2021-05-05,False,,,ERROR_CP_221
ERROR_CP_230,,BOSCH,[],ERROR_CP,ERROR_CP_230,Glue,Glue,G-S41,G-S41,DE,2021-05-05,False,,,ERROR_CP_230
ERROR_CP_239,,BOSCH,[],ERROR_CP,ERROR_CP_239,Glue,Glue,G-S41,G-S41,DE,2021-05-05,False,,,ERROR_CP_239
ERROR_CP_248,,BOSCH,[],ERROR_CP,ERROR_CP_248,Glue,Glue,G-S41,G-S41,DE,2021-05-05,False,,,ERROR_CP_248
ERROR_CP_257,,BOSCH,[],ERROR_CP,ERROR_CP_257,Glue,Glue,G-S41,G-S41,DE,2021-05-05,False,,,ERROR_CP_257
ERROR_CP_266,,BOSCH,[],ERROR_CP,ERROR_CP_266,Glue,Glue,G-S41,G-S41,DE,2021-05-05,False,,,ERROR_CP_266
ERROR_CP_275,,BOSCH,[],ERROR_CP,ERROR_CP_275,Glue,Glue,G-S41,G-S41,DE,2021-05-05,False,,,ERROR_CP_275
ERROR_CP_284,,BOSCH,[],ERROR_CP,ERROR_CP_284,Glue,Glue,G-S41,G-S41,DE,2021-05-05,False,,,ERROR_CP_284
ERROR_CP_293,,BOSCH,[],ERROR_CP,ERROR_CP_293,Glue,Glue,G-S41,G-S41,DE,2021-05-05,False,,,ERROR_CP_293
ERROR_CP_302,,BOSCH,[],ERROR_CP,ERROR_CP_302,Glue,Glue,G-S41,G-S41,DE,2021-05-05,False,,,ERROR_CP_302
ERROR_CP_311,,BOSCH,[],ERROR_CP,ERROR_CP_311,Glue,Glue,G-S41,G-S41,DE,2021-05-05,False,,,ERROR_CP_311
ERROR_CP_320,,BOSCH,[],ERROR_CP,ERROR_CP_320,Glue,Glue,G-S41,G-S41,DE,2021-05-05,False,,,ERROR_CP_320
ERROR_CP_329,,BOSCH,[],ERROR_CP,ERROR_CP_329,Glue,Glue,G-S41,G-S41,DE,2021-05-05,False,,,ERROR_CP_329
ERROR_CP_338,,BOSCH,[],ERROR_CP,ERROR_CP_338,Glue,Glue,G-S41,G-S41,DE,2021-05-05,False,,,ERROR_CP_338
ERROR_CP_347,,BOSCH,[],ERROR_CP,ERROR_CP_347,Glue,Glue,G-S41,G-S41,DE,2021-05-05,False,,,ERROR_CP_347
ERROR_CP_356,,BOSCH,[],ERROR_CP,ERROR_CP_356,Glue,Glue,G-S41,G-S41,DE,2021-05-05,False,,,ERROR_CP_356
ERROR_CP_365,,BOSCH,[],ERROR_CP,ERROR_CP_365,Glue,Glue,G-S41,G-S41,DE,2021-05-05,False,,,ERROR_CP_365
ERROR_CP_374,,BOSCH,[],ERROR_CP,ERROR_CP_374,Glue,Glue,G-S41,G-S41,DE,2021-05-05,False,,,ERROR_CP_374
ERROR_CP_383,,BOSCH,[],ERROR_CP,ERROR_CP_383,Glue,Glue,G-S41,G-S41,DE,2021-05-05,False,,,ERROR_CP_383
ERROR_CP_392,,BOSCH,[],ERROR_CP,ERROR_CP_392,Glue,Glue,G-S41,G-S41,DE,2021-05-05,False,,,ERROR_CP_392
ERROR_CP_401,,BOSCH,[],ERROR_CP,ERROR_CP_401,Glue,Glue,G-S41,G-S41,DE,2021-05-05,False,,,ERROR_CP_401
ERROR_CP_410,,BOSCH,[],ERROR_CP,ERROR_CP_410,Glue,Glue,G-S41,G-S41,DE,2021-05-05,False,,,ERROR_CP_410
ERROR_CP_419,,BOSCH,[],ERROR_CP,ERROR_CP_419,Glue,Glue,G-S41,G-S41,DE,2021-05-05,False,,,ERROR_CP_419
ERROR_CP_428,,BOSCH,[],ERROR_CP,ERROR_CP_428,Glue,Glue,G-S41,G-S41,DE,2021-05-05,False,,,ERROR_CP_428
ERROR_CP_437,,BOSCH,[],ERROR_CP,ERROR_CP_437,Glue,Glue,G-S41,G-S41,DE,2021-05-05,False,,,ERROR_CP_437
ERROR_CP_446,,BOSCH,[],ERROR_CP,ERROR_CP_446,Glue,Glue,G-S41,G-S41,DE,2021-05-05,False,,,ERROR_CP_446
ERROR_CP_455,,BOSCH,[],ERROR_CP,ERROR_CP_455,Glue,Glue,G-S41,G-S41,DE,2021-05-05,False,,,ERROR_CP_455
ERROR_CP_464,,BOSCH,[],ERROR_CP,ERROR_CP_464,Glue,Glue,G-S41,G-S41,DE,2021-05-05,False,,,ERROR_CP_464
ERROR_CP_473,,BOSCH,[],ERROR_CP,ERROR_CP_473,Glue,Glue,G-S41,G-S41,DE,2021-05-05,False,,,ERROR_CP_473
ERROR_CP_482,,BOSCH,[],ERROR_CP,ERROR_CP_482,Glue,Glue,G-S41,G-S41,DE,2021-05-05,False,,,ERROR_CP_482
ERROR_CP_491,,BOSCH,[],ERROR_CP,ERROR_CP_491,Glue,Glue,G-S41,G-S41,DE,2021-05-05,False,,,ERROR_CP_491
ERROR_CP_500,,BOSCH,[],ERROR_CP,ERROR_CP_500,Glue,Glue,G-S41,G-S41,DE,2021-05-05,False,,,ERROR_CP_500
ERROR_CP_509,,BOSCH,[],ERROR_CP,ERROR_CP_509,Glue,Glue,G-S41,G-S41,DE,2021-05-05,False,,,ERROR_CP_509
ERROR_CP_518,,BOSCH,[],ERROR_CP,ERROR_CP_518,Glue,Glue,G-S41,G-S41,DE,2021-05-05,False,,,ERROR_CP_518
ERROR_CP_527,,BOSCH,[],ERROR_CP,ERROR_CP_527,Glue,Glue,G-S41,G-S41,DE,2021-05-05,False,,,ERROR_CP_527
ERROR_CP_536,,BOSCH,[],ERROR_CP,ERROR_CP_536,Glue,Glue,G-S41,G-S41,DE,2021-05-05,False,,,ERROR_CP_536
ERROR_CP_545,,BOSCH,[],ERROR_CP,ERROR_CP_545,Glue,Glue,G-S41,G-S41,DE,2021-05-05,False,,,ERROR_CP_545
ERROR_CP_554,,BOSCH,[],ERROR_CP,ERROR_CP_554,Glue,Glue,G-S41,G-S41,DE,2021-05-05,False,,,ERROR_CP_554
ERROR_CP_563,,BOSCH,[],ERROR_CP,ERROR_CP_563,Glue,Glue,G-S41,G-S41,DE,2021-05-05,False,,,ERROR_CP_563
ERROR_CP_572,,BOSCH,[],ERROR_CP,ERROR_CP_572,Glue,Glue,G-S41,G-S41,DE,2021-05-05,False,,,ERROR_CP_572
ERROR_CP_581,,BOSCH,[],ERROR_CP,ERROR_CP_581,Glue,Glue,G-S41,G-S41,DE,2021-05-05,False,,,ERROR_CP_581
ERROR_CP_590,,BOSCH,[],ERROR_CP,ERROR_CP_590,Glue,Glue,G-S41,G-S41,DE,2021-05-05,False,,,ERROR_CP_590
ERROR_CP_599,,BOSCH,[],ERROR_CP,ERROR_CP_599,Glue,Glue,G-S41,G-S41,DE,2021-05-05,False,,,ERROR_CP_599
ERROR_CP_608,,BOSCH,[],ERROR_CP,ERROR_CP_608,Glue,Glue,G-S41,G-S41,DE,2021-05-05,False,,,ERROR_CP_608
ERROR_CP_617,,BOSCH,[],ERROR_CP,ERROR_CP_617,Glue,Glue,G-S41,G-S41,DE,2021-05-05,False,,,ERROR_CP_617
ERROR_CP_626,,BOSCH,[],ERROR_CP,ERROR_CP_626,Glue,Glue,G-S41,G-S41,DE,2021-05-05,False,,,ERROR_CP_626
ERROR_CP_635,,BOSCH,[],ERROR_CP,ERROR_CP_635,Glue,Glue,G-S41,G-S41,DE,2021-05-05,False,,,ERROR_CP_635
ERROR_CP_644,,BOSCH,[],ERROR_CP,ERROR_CP_644,Glue,Glue,G-S41,G-S41,DE,2021-05-05,False,,,ERROR_CP_644
ERROR_CP_653,,BOSCH,[],ERROR_CP,ERROR_CP_653,Glue,Glue,G-S41,G-S41,DE,2021-05-05,False,,,ERROR_CP_653
ERROR_CP_662,,BOSCH,[],ERROR_CP,ERROR_CP_662,Glue,Glue,G-S41,G-S41,DE,2021-05-05,False,,,ERROR_CP_662
ERROR_CP_671,,BOSCH,[],ERROR_CP,ERROR_CP_671,Glue,Glue,G-S41,G-S41,DE,2021-05-05,False,,,ERROR_CP_671
ERROR_CP_680,,BOSCH,[],ERROR_CP,ERROR_CP_680,Glue,Glue,G-S41,G-S41,DE,2021-05-05,False,,,ERROR_CP_680
ERROR_CP_689,,BOSCH,[],ERROR_CP,ERROR_CP_689,Glue,Glue,G-S41,G-S41,DE,2021-05-05,False,,,ERROR_CP_689
ERROR_CP_698,,BOSCH,[],ERROR_CP,ERROR_CP_698,Glue,Glue,G-S41,G-S41,DE,2021-05-05,False,,,ERROR_CP_698
ERROR_CP_707,,BOSCH,[],ERROR_CP,ERROR_CP_707,Glue,Glue,G-S41,G-S41,DE,2021-05-05,False,,,ERROR_CP_707
ERROR_CP_716,,BOSCH,[],ERROR_CP,ERROR_CP_716,Glue,Glue,G-S41,G-S41,DE,2021-05-05,False,,,ERROR_CP_716
ERROR_CP_725,,BOSCH,[],ERROR_CP,ERROR_CP_725,Glue,Glue,G-S41,G-S41,DE,2021-05-05,False,,,ERROR_CP_725
ERROR_CP_734,,BOSCH,[],ERROR_CP,ERROR_CP_734,Glue,Glue,G-S41,G-S41,DE,2021-05-05,False,,,ERROR_CP_734
ERROR_CP_743,,BOSCH,[],ERROR_CP,ERROR_CP_743,Glue,Glue,G-S41,G-S41,DE,2021-05-05,False,,,ERROR_CP_743
ERROR_CP_752,,BOSCH,[],ERROR_CP,ERROR_CP_752,Glue,Glue,G-S41,G-S41,DE,2021-05-05,False,,,ERROR_CP_752
ERROR_CP_761,,BOSCH,[],ERROR_CP,ERROR_CP_761,Glue,Glue,G-S41,G-S41,DE,2021-05-05,False,,,ERROR_CP_761
ERROR_CP_770,,BOSCH,[],ERROR_CP,ERROR_CP_770,Glue,Glue,G-S41,G-S41,DE,2021-05-05,False,,,ERROR_CP_770
ERROR_CP_779,,BOSCH,[],ERROR_CP,ERROR_CP_779,Glue,Glue,G-S41,G-S41,DE,2021-05-05,False,,,ERROR_CP_779
ERROR_CP_788,,BOSCH,[],ERROR_CP,ERROR_CP_788,Glue,Glue,G-S41,G-S41,DE,2021-05-05,False,,,ERROR_CP_788
ERROR_CP_797,,BOSCH,[],ERROR_CP,ERROR_CP_797,Glue,Glue,G-S41,G-S41,DE,2021-05-05,False,,,ERROR_CP_797
ERROR_CP_806,,BOSCH,[],ERROR_CP,ERROR_CP_806,Glue,Glue,G-S41,G-S41,DE,2021-05-05,False,,,ERROR_CP_806
ERROR_CP_815,,BOSCH,[],ERROR_CP,ERROR_CP_815,Glue,Glue,G-S41,G-S41,DE,2021-05-05,False,,,ERROR_CP_815
ERROR_CP_824,,BOSCH,[],ERROR_CP,ERROR_CP_824,Glue,Glue,G-S41,G-S41,DE,2021-05-05,False,,,ERROR_CP_824
ERROR_CP_833,,BOSCH,[],ERROR_CP,ERROR_CP_833,Glue,Glue,G-S41,G-S41,DE,2021-05-05,False,,,ERROR_CP_833
ERROR_CP_842,,BOSCH,[],ERROR_CP,ERROR_CP_842,Glue,Glue,G-S41,G-S41,DE,2021-05-05,False,,,ERROR_CP_842
ERROR_CP_851,,BOSCH,[],ERROR_CP,ERROR_CP_851,Glue,Glue,G-S41,G-S41,DE,2021-05-05,False,,,ERROR_CP_851
ERROR_CP_860,,BOSCH,[],ERROR_CP,ERROR_CP_860,Glue,Glue,G-S41,G-S41,DE,2021-05-05,False,,,ERROR_CP_860
ERROR_CP_869,,BOSCH,[],ERROR_CP,ERROR_CP_869,Glue,Glue,G-S41,G-S41,DE,2021-05-05,False,,,ERROR_CP_869
ERROR_CP_878,,BOSCH,[],ERROR_CP,ERROR_CP_878,Glue,Glue,G-S41,G-S41,DE,2021-05-05,False,,,ERROR_CP_878
ERROR_CP_887,,BOSCH,[],ERROR_CP,ERROR_CP_887,Glue,Glue,G-S41,G-S41,DE,2021-05-05,False,,,ERROR_CP_887
ERROR_CP_896,,BOSCH,[],ERROR_CP,ERROR_CP_896,Glue,Glue,G-S41,G-S41,DE,2021-05-05,False,,,ERROR_CP_896
ERROR_CP_6,,BILSTEIN,[],ERROR_CP,ERROR_CP_6,Glue,Glue,G-S41,G-S41,DE,2021-05-05,False,,,ERROR_CP_6
ERROR_CP_15,,BILSTEIN,[],ERROR_CP,ERROR_CP_15,Glue,Glue,G-S41,G-S41,DE,2021-05-05,False,,,ERROR_CP_15
ERROR_CP_24,,BILSTEIN,[],ERROR_CP,ERROR_CP_24,Glue,Glue,G-S41,G-S41,DE,2021-05-05,False,,,ERROR_CP_24
ERROR_CP_33,,BILSTEIN,[],ERROR_CP,ERROR_CP_33,Glue,Glue,G-S41,G-S41,DE,2021-05-05,False,,,ERROR_CP_33
ERROR_CP_42,,BILSTEIN,[],ERROR_CP,ERROR_CP_42,Glue,Glue,G-S41,G-S41,DE,2021-05-05,False,,,ERROR_CP_42
ERROR_CP_51,,BILSTEIN,[],ERROR_CP,ERROR_CP_51,Glue,Glue,G-S41,G-S41,DE,2021-05-05,False,,,ERROR_CP_51
ERROR_CP_60,,BILSTEIN,[],ERROR_CP,ERROR_CP_60,Glue,Glue,G-S41,G-S41,DE,2021-05-05,False,,,ERROR_CP_60
ERROR_CP_69,,BILSTEIN,[],ERROR_CP,ERROR_CP_69,Glue,Glue,G-S41,G-S41,DE,2021-05-05,False,,,ERROR_CP_69
ERROR_CP_78,,BILSTEIN,[],ERROR_CP,ERROR_CP_78,Glue,Glue,G-S41,G-S41,DE,2021-05-05,False,,,ERROR_CP_78
ERROR_CP_87,,BILSTEIN,[],ERROR_CP,ERROR_CP_87,Glue,Glue,G-S41,G-S41,DE,2021-05-05,False,,,ERROR_CP_87
ERROR_CP_96,,BILSTEIN,[],ERROR_CP,ERROR_CP_96,Glue,Glue,G-S41,G-S41,DE,2021-05-05,False,,,ERROR_CP_96
ERROR_CP_105,,BILSTEIN,[],ERROR_CP,ERROR_CP_105,Glue,Glue,G-S41,G-S41,DE,2021-05-05,False,,,ERROR_CP_105
ERROR_CP_114,,BILSTEIN,[],ERROR_CP,ERROR_CP_114,Glue,Glue,G-S41,G-S41,DE,2021-05-05,False,,,ERROR_CP_114
ERROR_CP_123,,BILSTEIN,[],ERROR_CP,ERROR_CP_123,Glue,Glue,G-S41,G-S41,DE,2021-05-05,False,,,ERROR_CP_123
ERROR_CP_132,,BILSTEIN,[],ERROR_CP,ERROR_CP_132,Glue,Glue,G-S41,G-S41,DE,2021-05-05,False,,,ERROR_CP_132
ERROR_CP_141,,BILSTEIN,[],ERROR_CP,ERROR_CP_141,Glue,Glue,G-S41,G-S41,DE,2021-05-05,False,,,ERROR_CP_141
ERROR_CP_150,,BILSTEIN,[],ERROR_CP,ERROR_CP_150,Glue,Glue,G-S41,G-S41,DE,2021-05-05,False,,,ERROR_CP_150
ERROR_CP_159,,BILSTEIN,[],ERROR_CP,ERROR_CP_159,Glue,Glue,G-S41,G-S41,DE,2021-05-05,False,,,ERROR_CP_159
ERROR_CP_168,,BILSTEIN,[],ERROR_CP,ERROR_CP_168,Glue,Glue,G-S41,G-S41,DE,2021-05-05,False,,,ERROR_CP_168
ERROR_CP_177,,BILSTEIN,[],ERROR_CP,ERROR_CP_177,Glue,Glue,G-S41,G-S41,DE,2021-05-05,False,,,ERROR_CP_177
ERROR_CP_186,,BILSTEIN,[],ERROR_CP,ERROR_CP_186,Glue,Glue,G-S41,G-S41,DE,2021-05-05,False,,,ERROR_CP_186
ERROR_CP_195,,BILSTEIN,[],ERROR_CP,ERROR_CP_195,Glue,Glue,G-S41,G-S41,DE,2021-05-05,False,,,ERROR_CP_195
ERROR_CP_204,,BILSTEIN,[],ERROR_CP,ERROR_CP_204,Glue,Glue,G-S41,G-S41,DE,2021-05-05,False,,,ERROR_CP_204
ERROR_CP_213,,BILSTEIN,[],ERROR_CP,ERROR_CP_213,Glue,Glue,G-S41,G-S41,DE,2021-05-05,False,,,ERROR_CP_213
ERROR_CP_222,,BILSTEIN,[],ERROR_CP,ERROR_CP_222,Glue,Glue,G-S41,G-S41,DE,2021-05-05,False,,,ERROR_CP_222
ERROR_CP_231,,BILSTEIN,[],ERROR_CP,ERROR_CP_231,Glue,Glue,G-S41,G-S41,DE,2021-05-05,False,,,ERROR_CP_231
ERROR_CP_240,,BILSTEIN,[],ERROR_CP,ERROR_CP_240,Glue,Glue,G-S41,G-S41,DE,2021-05-05,False,,,ERROR_CP_240
ERROR_CP_249,,BILSTEIN,[],ERROR_CP,ERROR_CP_249,Glue,Glue,G-S41,G-S41,DE,2021-05-05,False,,,ERROR_CP_249
ERROR_CP_258,,BILSTEIN,[],ERROR_CP,ERROR_CP_258,Glue,Glue,G-S41,G-S41,DE,2021-05-05,False,,,ERROR_CP_258
ERROR_CP_267,,BILSTEIN,[],ERROR_CP,ERROR_CP_267,Glue,Glue,G-S41,G-S41,DE,2021-05-05,False,,,ERROR_CP_267
ERROR_CP_276,,BILSTEIN,[],ERROR_CP,ERROR_CP_276,Glue,Glue,G-S41,G-S41,DE,2021-05-05,False,,,ERROR_CP_276
ERROR_CP_285,,BILSTEIN,[],ERROR_CP,ERROR_CP_285,Glue,Glue,G-S41,G-S41,DE,2021-05-05,False,,,ERROR_CP_285
ERROR_CP_294,,BILSTEIN,[],ERROR_CP,ERROR_CP_294,Glue,Glue,G-S41,G-S41,DE,2021-05-05,False,,,ERROR_CP_294
ERROR_CP_303,,BILSTEIN,[],ERROR_CP,ERROR_CP_303,Glue,Glue,G-S41,G-S41,DE,2021-05-05,False,,,ERROR_CP_303
ERROR_CP_312,,BILSTEIN,[],ERROR_CP,ERROR_CP_312,Glue,Glue,G-S41,G-S41,DE,2021-05-05,False,,,ERROR_CP_312
ERROR_CP_321,,BILSTEIN,[],ERROR_CP,ERROR_CP_321,Glue,Glue,G-S41,G-S41,DE,2021-05-05,False,,,ERROR_CP_321
ERROR_CP_330,,BILSTEIN,[],ERROR_CP,ERROR_CP_330,Glue,Glue,G-S41,G-S41,DE,2021-05-05,False,,,ERROR_CP_330
ERROR_CP_339,,BILSTEIN,[],ERROR_CP,ERROR_CP_339,Glue,Glue,G-S41,G-S41,DE,2021-05-05,False,,,ERROR_CP_339
ERROR_CP_348,,BILSTEIN,[],ERROR_CP,ERROR_CP_348,Glue,Glue,G-S41,G-S41,DE,2021-05-05,False,,,ERROR_CP_348
ERROR_CP_357,,BILSTEIN,[],ERROR_CP,ERROR_CP_357,Glue,Glue,G-S41,G-S41,DE,2021-05-05,False,,,ERROR_CP_357
ERROR_CP_366,,BILSTEIN,[],ERROR_CP,ERROR_CP_366,Glue,Glue,G-S41,G-S41,DE,2021-05-05,False,,,ERROR_CP_366
ERROR_CP_375,,BILSTEIN,[],ERROR_CP,ERROR_CP_375,Glue,Glue,G-S41,G-S41,DE,2021-05-05,False,,,ERROR_CP_375
ERROR_CP_384,,BILSTEIN,[],ERROR_CP,ERROR_CP_384,Glue,Glue,G-S41,G-S41,DE,2021-05-05,False,,,ERROR_CP_384
ERROR_CP_393,,BILSTEIN,[],ERROR_CP,ERROR_CP_393,Glue,Glue,G-S41,G-S41,DE,2021-05-05,False,,,ERROR_CP_393
ERROR_CP_402,,BILSTEIN,[],ERROR_CP,ERROR_CP_402,Glue,Glue,G-S41,G-S41,DE,2021-05-05,False,,,ERROR_CP_402
ERROR_CP_411,,BILSTEIN,[],ERROR_CP,ERROR_CP_411,Glue,Glue,G-S41,G-S41,DE,2021-05-05,False,,,ERROR_CP_411
ERROR_CP_420,,BILSTEIN,[],ERROR_CP,ERROR_CP_420,Glue,Glue,G-S41,G-S41,DE,2021-05-05,False,,,ERROR_CP_420
ERROR_CP_429,,BILSTEIN,[],ERROR_CP,ERROR_CP_429,Glue,Glue,G-S41,G-S41,DE,2021-05-05,False,,,ERROR_CP_429
ERROR_CP_438,,BILSTEIN,[],ERROR_CP,ERROR_CP_438,Glue,Glue,G-S41,G-S41,DE,2021-05-05,False,,,ERROR_CP_438
ERROR_CP_447,,BILSTEIN,[],ERROR_CP,ERROR_CP_447,Glue,Glue,G-S41,G-S41,DE,2021-05-05,False,,,ERROR_CP_447
ERROR_CP_456,,BILSTEIN,[],ERROR_CP,ERROR_CP_456,Glue,Glue,G-S41,G-S41,DE,2021-05-05,False,,,ERROR_CP_456
ERROR_CP_465,,BILSTEIN,[],ERROR_CP,ERROR_CP_465,Glue,Glue,G-S41,G-S41,DE,2021-05-05,False,,,ERROR_CP_465
ERROR_CP_474,,BILSTEIN,[],ERROR_CP,ERROR_CP_474,Glue,Glue,G-S41,G-S41,DE,2021-05-05,False,,,ERROR_CP_474
ERROR_CP_483,,BILSTEIN,[],ERROR_CP,ERROR_CP_483,Glue,Glue,G-S41,G-S41,DE,2021-05-05,False,,,ERROR_CP_483
ERROR_CP_492,,BILSTEIN,[],ERROR_CP,ERROR_CP_492,Glue,Glue,G-S41,G-S41,DE,2021-05-05,False,,,ERROR_CP_492
ERROR_CP_501,,BILSTEIN,[],ERROR_CP,ERROR_CP_501,Glue,Glue,G-S41,G-S41,DE,2021-05-05,False,,,ERROR_CP_501
ERROR_CP_510,,BILSTEIN,[],ERROR_CP,ERROR_CP_510,Glue,Glue,G-S41,G-S41,DE,2021-05-05,False,,,ERROR_CP_510
ERROR_CP_519,,BILSTEIN,[],ERROR_CP,ERROR_CP_519,Glue,Glue,G-S41,G-S41,DE,2021-05-05,False,,,ERROR_CP_519
ERROR_CP_528,,BILSTEIN,[],ERROR_CP,ERROR_CP_528,Glue,Glue,G-S41,G-S41,DE,2021-05-05,False,,,ERROR_CP_528
ERROR_CP_537,,BILSTEIN,[],ERROR_CP,ERROR_CP_537,Glue,Glue,G-S41,G-S41,DE,2021-05-05,False,,,ERROR_CP_537
ERROR_CP_546,,BILSTEIN,[],ERROR_CP,ERROR_CP_546,Glue,Glue,G-S41,G-S41,DE,2021-05-05,False,,,ERROR_CP_546
ERROR_CP_555,,BILSTEIN,[],ERROR_CP,ERROR_CP_555,Glue,Glue,G-S41,G-S41,DE,2021-05-05,False,,,ERROR_CP_555
ERROR_CP_564,,BILSTEIN,[],ERROR_CP,ERROR_CP_564,Glue,Glue,G-S41,G-S41,DE,2021-05-05,False,,,ERROR_CP_564
ERROR_CP_573,,BILSTEIN,[],ERROR_CP,ERROR_CP_573,Glue,Glue,G-S41,G-S41,DE,2021-05-05,False,,,ERROR_CP_573
ERROR_CP_582,,BILSTEIN,[],ERROR_CP,ERROR_CP_582,Glue,Glue,G-S41,G-S41,DE,2021-05-05,False,,,ERROR_CP_582
ERROR_CP_591,,BILSTEIN,[],ERROR_CP,ERROR_CP_591,Glue,Glue,G-S41,G-S41,DE,2021-05-05,False,,,ERROR_CP_591
ERROR_CP_600,,BILSTEIN,[],ERROR_CP,ERROR_CP_600,Glue,Glue,G-S41,G-S41,DE,2021-05-05,False,,,ERROR_CP_600
ERROR_CP_609,,BILSTEIN,[],ERROR_CP,ERROR_CP_609,Glue,Glue,G-S41,G-S41,DE,2021-05-05,False,,,ERROR_CP_609
ERROR_CP_618,,BILSTEIN,[],ERROR_CP,ERROR_CP_618,Glue,Glue,G-S41,G-S41,DE,2021-05-05,False,,,ERROR_CP_618
ERROR_CP_627,,BILSTEIN,[],ERROR_CP,ERROR_CP_627,Glue,Glue,G-S41,G-S41,DE,2021-05-05,False,,,ERROR_CP_627
ERROR_CP_636,,BILSTEIN,[],ERROR_CP,ERROR_CP_636,Glue,Glue,G-S41,G-S41,DE,2021-05-05,False,,,ERROR_CP_636
ERROR_CP_645,,BILSTEIN,[],ERROR_CP,ERROR_CP_645,Glue,Glue,G-S41,G-S41,DE,2021-05-05,False,,,ERROR_CP_645
ERROR_CP_654,,BILSTEIN,[],ERROR_CP,ERROR_CP_654,Glue,Glue,G-S41,G-S41,DE,2021-05-05,False,,,ERROR_CP_654
ERROR_CP_663,,BILSTEIN,[],ERROR_CP,ERROR_CP_663,Glue,Glue,G-S41,G-S41,DE,2021-05-05,False,,,ERROR_CP_663
ERROR_CP_672,,BILSTEIN,[],ERROR_CP,ERROR_CP_672,Glue,Glue,G-S41,G-S41,DE,2021-05-05,False,,,ERROR_CP_672
ERROR_CP_681,,BILSTEIN,[],ERROR_CP,ERROR_CP_681,Glue,Glue,G-S41,G-S41,DE,2021-05-05,False,,,ERROR_CP_681
ERROR_CP_690,,BILSTEIN,[],ERROR_CP,ERROR_CP_690,Glue,Glue,G-S41,G-S41,DE,2021-05-05,False,,,ERROR_CP_690
ERROR_CP_699,,BILSTEIN,[],ERROR_CP,ERROR_CP_699,Glue,Glue,G-S41,G-S41,DE,2021-05-05,False,,,ERROR_CP_699
ERROR_CP_708,,BILSTEIN,[],ERROR_CP,ERROR_CP_708,Glue,Glue,G-S41,G-S41,DE,2021-05-05,False,,,ERROR_CP_708
ERROR_CP_717,,BILSTEIN,[],ERROR_CP,ERROR_CP_717,Glue,Glue,G-S41,G-S41,DE,2021-05-05,False,,,ERROR_CP_717
ERROR_CP_726,,BILSTEIN,[],ERROR_CP,ERROR_CP_726,Glue,Glue,G-S41,G-S41,DE,2021-05-05,False,,,ERROR_CP_726
ERROR_CP_735,,BILSTEIN,[],ERROR_CP,ERROR_CP_735,Glue,Glue,G-S41,G-S41,DE,2021-05-05,False,,,ERROR_CP_735
ERROR_CP_744,,BILSTEIN,[],ERROR_CP,ERROR_CP_744,Glue,Glue,G-S41,G-S41,DE,2021-05-05,False,,,ERROR_CP_744
ERROR_CP_753,,BILSTEIN,[],ERROR_CP,ERROR_CP_753,Glue,Glue,G-S41,G-S41,DE,2021-05-05,False,,,ERROR_CP_753
ERROR_CP_762,,BILSTEIN,[],ERROR_CP,ERROR_CP_762,Glue,Glue,G-S41,G-S41,DE,2021-05-05,False,,,ERROR_CP_762
ERROR_CP_771,,BILSTEIN,[],ERROR_CP,ERROR_CP_771,Glue,Glue,G-S41,G-S41,DE,2021-05-05,False,,,ERROR_CP_771
ERROR_CP_780,,BILSTEIN,[],ERROR_CP,ERROR_CP_780,Glue,Glue,G-S41,G-S41,DE,2021-05-05,False,,,ERROR_CP_780
ERROR_CP_789,,BILSTEIN,[],ERROR_CP,ERROR_CP_789,Glue,Glue,G-S41,G-S41,DE,2021-05-05,False,,,ERROR_CP_789
ERROR_CP_798,,BILSTEIN,[],ERROR_CP,ERROR_CP_798,Glue,Glue,G-S41,G-S41,DE,2021-05-05,False,,,ERROR_CP_798
ERROR_CP_807,,BILSTEIN,[],ERROR_CP,ERROR_CP_807,Glue,Glue,G-S41,G-S41,DE,2021-05-05,False,,,ERROR_CP_807
ERROR_CP_816,,BILSTEIN,[],ERROR_CP,ERROR_CP_816,Glue,Glue,G-S41,G-S41,DE,2021-05-05,False,,,ERROR_CP_816
ERROR_CP_825,,BILSTEIN,[],ERROR_CP,ERROR_CP_825,Glue,Glue,G-S41,G-S41,DE,2021-05-05,False,,,ERROR_CP_825
ERROR_CP_834,,BILSTEIN,[],ERROR_CP,ERROR_CP_834,Glue,Glue,G-S41,G-S41,DE,2021-05-05,False,,,ERROR_CP_834
ERROR_CP_843,,BILSTEIN,[],ERROR_CP,ERROR_CP_843,Glue,Glue,G-S41,G-S41,DE,2021-05-05,False,,,ERROR_CP_843
ERROR_CP_852,,BILSTEIN,[],ERROR_CP,ERROR_CP_852,Glue,Glue,G-S41,G-S41,DE,2021-05-05,False,,,ERROR_CP_852
ERROR_CP_861,,BILSTEIN,[],ERROR_CP,ERROR_CP_861,Glue,Glue,G-S41,G-S41,DE,2021-05-05,False,,,ERROR_CP_861
ERROR_CP_870,,BILSTEIN,[],ERROR_CP,ERROR_CP_870,Glue,Glue,G-S41,G-S41,DE,2021-05-05,False,,,ERROR_CP_870
ERROR_CP_879,,BILSTEIN,[],ERROR_CP,ERROR_CP_879,Glue,Glue,G-S41,G-S41,DE,2021-05-05,False,,,ERROR_CP_879
ERROR_CP_888,,BILSTEIN,[],ERROR_CP,ERROR_CP_888,Glue,Glue,G-S41,G-S41,DE,2021-05-05,False,,,ERROR_CP_888
ERROR_CP_897,,BILSTEIN,[],ERROR_CP,ERROR_CP_897,Glue,Glue,G-S41,G-S41,DE,2021-05-05,False,,,ERROR_CP_897
ERROR_CP_7,,BILSTEIN,[],ERROR_CP,ERROR_CP_7,Glue,Glue,G-S41,G-S41,DE,2021-05-05,False,,,ERROR_CP_7
ERROR_CP_16,,BILSTEIN,[],ERROR_CP,ERROR_CP_16,Glue,Glue,G-S41,G-S41,DE,2021-05-05,False,,,ERROR_CP_16
ERROR_CP_25,,BILSTEIN,[],ERROR_CP,ERROR_CP_25,Glue,Glue,G-S41,G-S41,DE,2021-05-05,False,,,ERROR_CP_25
ERROR_CP_34,,BILSTEIN,[],ERROR_CP,ERROR_CP_34,Glue,Glue,G-S41,G-S41,DE,2021-05-05,False,,,ERROR_CP_34
ERROR_CP_43,,BILSTEIN,[],ERROR_CP,ERROR_CP_43,Glue,Glue,G-S41,G-S41,DE,2021-05-05,False,,,ERROR_CP_43
ERROR_CP_52,,BILSTEIN,[],ERROR_CP,ERROR_CP_52,Glue,Glue,G-S41,G-S41,DE,2021-05-05,False,,,ERROR_CP_52
ERROR_CP_61,,BILSTEIN,[],ERROR_CP,ERROR_CP_61,Glue,Glue,G-S41,G-S41,DE,2021-05-05,False,,,ERROR_CP_61
ERROR_CP_70,,BILSTEIN,[],ERROR_CP,ERROR_CP_70,Glue,Glue,G-S41,G-S41,DE,2021-05-05,False,,,ERROR_CP_70
ERROR_CP_79,,BILSTEIN,[],ERROR_CP,ERROR_CP_79,Glue,Glue,G-S41,G-S41,DE,2021-05-05,False,,,ERROR_CP_79
ERROR_CP_88,,BILSTEIN,[],ERROR_CP,ERROR_CP_88,Glue,Glue,G-S41,G-S41,DE,2021-05-05,False,,,ERROR_CP_88
ERROR_CP_97,,BILSTEIN,[],ERROR_CP,ERROR_CP_97,Glue,Glue,G-S41,G-S41,DE,2021-05-05,False,,,ERROR_CP_97
ERROR_CP_106,,BILSTEIN,[],ERROR_CP,ERROR_CP_106,Glue,Glue,G-S41,G-S41,DE,2021-05-05,False,,,ERROR_CP_106
ERROR_CP_115,,BILSTEIN,[],ERROR_CP,ERROR_CP_115,Glue,Glue,G-S41,G-S41,DE,2021-05-05,False,,,ERROR_CP_115
ERROR_CP_124,,BILSTEIN,[],ERROR_CP,ERROR_CP_124,Glue,Glue,G-S41,G-S41,DE,2021-05-05,False,,,ERROR_CP_124
ERROR_CP_133,,BILSTEIN,[],ERROR_CP,ERROR_CP_133,Glue,Glue,G-S41,G-S41,DE,2021-05-05,False,,,ERROR_CP_133
ERROR_CP_142,,BILSTEIN,[],ERROR_CP,ERROR_CP_142,Glue,Glue,G-S41,G-S41,DE,2021-05-05,False,,,ERROR_CP_142
ERROR_CP_151,,BILSTEIN,[],ERROR_CP,ERROR_CP_151,Glue,Glue,G-S41,G-S41,DE,2021-05-05,False,,,ERROR_CP_151
ERROR_CP_160,,BILSTEIN,[],ERROR_CP,ERROR_CP_160,Glue,Glue,G-S41,G-S41,DE,2021-05-05,False,,,ERROR_CP_160
ERROR_CP_169,,BILSTEIN,[],ERROR_CP,ERROR_CP_169,Glue,Glue,G-S41,G-S41,DE,2021-05-05,False,,,ERROR_CP_169
ERROR_CP_178,,BILSTEIN,[],ERROR_CP,ERROR_CP_178,Glue,Glue,G-S41,G-S41,DE,2021-05-05,False,,,ERROR_CP_178
ERROR_CP_187,,BILSTEIN,[],ERROR_CP,ERROR_CP_187,Glue,Glue,G-S41,G-S41,DE,2021-05-05,False,,,ERROR_CP_187
ERROR_CP_196,,BILSTEIN,[],ERROR_CP,ERROR_CP_196,Glue,Glue,G-S41,G-S41,DE,2021-05-05,False,,,ERROR_CP_196
ERROR_CP_205,,BILSTEIN,[],ERROR_CP,ERROR_CP_205,Glue,Glue,G-S41,G-S41,DE,2021-05-05,False,,,ERROR_CP_205
ERROR_CP_214,,BILSTEIN,[],ERROR_CP,ERROR_CP_214,Glue,Glue,G-S41,G-S41,DE,2021-05-05,False,,,ERROR_CP_214
ERROR_CP_223,,BILSTEIN,[],ERROR_CP,ERROR_CP_223,Glue,Glue,G-S41,G-S41,DE,2021-05-05,False,,,ERROR_CP_223
ERROR_CP_232,,BILSTEIN,[],ERROR_CP,ERROR_CP_232,Glue,Glue,G-S41,G-S41,DE,2021-05-05,False,,,ERROR_CP_232
ERROR_CP_241,,BILSTEIN,[],ERROR_CP,ERROR_CP_241,Glue,Glue,G-S41,G-S41,DE,2021-05-05,False,,,ERROR_CP_241
ERROR_CP_250,,BILSTEIN,[],ERROR_CP,ERROR_CP_250,Glue,Glue,G-S41,G-S41,DE,2021-05-05,False,,,ERROR_CP_250
ERROR_CP_259,,BILSTEIN,[],ERROR_CP,ERROR_CP_259,Glue,Glue,G-S41,G-S41,DE,2021-05-05,False,,,ERROR_CP_259
ERROR_CP_268,,BILSTEIN,[],ERROR_CP,ERROR_CP_268,Glue,Glue,G-S41,G-S41,DE,2021-05-05,False,,,ERROR_CP_268
ERROR_CP_277,,BILSTEIN,[],ERROR_CP,ERROR_CP_277,Glue,Glue,G-S41,G-S41,DE,2021-05-05,False,,,ERROR_CP_277
ERROR_CP_286,,BILSTEIN,[],ERROR_CP,ERROR_CP_286,Glue,Glue,G-S41,G-S41,DE,2021-05-05,False,,,ERROR_CP_286
ERROR_CP_295,,BILSTEIN,[],ERROR_CP,ERROR_CP_295,Glue,Glue,G-S41,G-S41,DE,2021-05-05,False,,,ERROR_CP_295
ERROR_CP_304,,BILSTEIN,[],ERROR_CP,ERROR_CP_304,Glue,Glue,G-S41,G-S41,DE,2021-05-05,False,,,ERROR_CP_304
ERROR_CP_313,,BILSTEIN,[],ERROR_CP,ERROR_CP_313,Glue,Glue,G-S41,G-S41,DE,2021-05-05,False,,,ERROR_CP_313
ERROR_CP_322,,BILSTEIN,[],ERROR_CP,ERROR_CP_322,Glue,Glue,G-S41,G-S41,DE,2021-05-05,False,,,ERROR_CP_322
ERROR_CP_331,,BILSTEIN,[],ERROR_CP,ERROR_CP_331,Glue,Glue,G-S41,G-S41,DE,2021-05-05,False,,,ERROR_CP_331
ERROR_CP_340,,BILSTEIN,[],ERROR_CP,ERROR_CP_340,Glue,Glue,G-S41,G-S41,DE,2021-05-05,False,,,ERROR_CP_340
ERROR_CP_349,,BILSTEIN,[],ERROR_CP,ERROR_CP_349,Glue,Glue,G-S41,G-S41,DE,2021-05-05,False,,,ERROR_CP_349
ERROR_CP_358,,BILSTEIN,[],ERROR_CP,ERROR_CP_358,Glue,Glue,G-S41,G-S41,DE,2021-05-05,False,,,ERROR_CP_358
ERROR_CP_367,,BILSTEIN,[],ERROR_CP,ERROR_CP_367,Glue,Glue,G-S41,G-S41,DE,2021-05-05,False,,,ERROR_CP_367
ERROR_CP_376,,BILSTEIN,[],ERROR_CP,ERROR_CP_376,Glue,Glue,G-S41,G-S41,DE,2021-05-05,False,,,ERROR_CP_376
ERROR_CP_385,,BILSTEIN,[],ERROR_CP,ERROR_CP_385,Glue,Glue,G-S41,G-S41,DE,2021-05-05,False,,,ERROR_CP_385
ERROR_CP_394,,BILSTEIN,[],ERROR_CP,ERROR_CP_394,Glue,Glue,G-S41,G-S41,DE,2021-05-05,False,,,ERROR_CP_394
ERROR_CP_403,,BILSTEIN,[],ERROR_CP,ERROR_CP_403,Glue,Glue,G-S41,G-S41,DE,2021-05-05,False,,,ERROR_CP_403
ERROR_CP_412,,BILSTEIN,[],ERROR_CP,ERROR_CP_412,Glue,Glue,G-S41,G-S41,DE,2021-05-05,False,,,ERROR_CP_412
ERROR_CP_421,,BILSTEIN,[],ERROR_CP,ERROR_CP_421,Glue,Glue,G-S41,G-S41,DE,2021-05-05,False,,,ERROR_CP_421
ERROR_CP_430,,BILSTEIN,[],ERROR_CP,ERROR_CP_430,Glue,Glue,G-S41,G-S41,DE,2021-05-05,False,,,ERROR_CP_430
ERROR_CP_439,,BILSTEIN,[],ERROR_CP,ERROR_CP_439,Glue,Glue,G-S41,G-S41,DE,2021-05-05,False,,,ERROR_CP_439
ERROR_CP_448,,BILSTEIN,[],ERROR_CP,ERROR_CP_448,Glue,Glue,G-S41,G-S41,DE,2021-05-05,False,,,ERROR_CP_448
ERROR_CP_457,,BILSTEIN,[],ERROR_CP,ERROR_CP_457,Glue,Glue,G-S41,G-S41,DE,2021-05-05,False,,,ERROR_CP_457
ERROR_CP_466,,BILSTEIN,[],ERROR_CP,ERROR_CP_466,Glue,Glue,G-S41,G-S41,DE,2021-05-05,False,,,ERROR_CP_466
ERROR_CP_475,,BILSTEIN,[],ERROR_CP,ERROR_CP_475,Glue,Glue,G-S41,G-S41,DE,2021-05-05,False,,,ERROR_CP_475
ERROR_CP_484,,BILSTEIN,[],ERROR_CP,ERROR_CP_484,Glue,Glue,G-S41,G-S41,DE,2021-05-05,False,,,ERROR_CP_484
ERROR_CP_493,,BILSTEIN,[],ERROR_CP,ERROR_CP_493,Glue,Glue,G-S41,G-S41,DE,2021-05-05,False,,,ERROR_CP_493
ERROR_CP_502,,BILSTEIN,[],ERROR_CP,ERROR_CP_502,Glue,Glue,G-S41,G-S41,DE,2021-05-05,False,,,ERROR_CP_502
ERROR_CP_511,,BILSTEIN,[],ERROR_CP,ERROR_CP_511,Glue,Glue,G-S41,G-S41,DE,2021-05-05,False,,,ERROR_CP_511
ERROR_CP_520,,BILSTEIN,[],ERROR_CP,ERROR_CP_520,Glue,Glue,G-S41,G-S41,DE,2021-05-05,False,,,ERROR_CP_520
ERROR_CP_529,,BILSTEIN,[],ERROR_CP,ERROR_CP_529,Glue,Glue,G-S41,G-S41,DE,2021-05-05,False,,,ERROR_CP_529
ERROR_CP_538,,BILSTEIN,[],ERROR_CP,ERROR_CP_538,Glue,Glue,G-S41,G-S41,DE,2021-05-05,False,,,ERROR_CP_538
ERROR_CP_547,,BILSTEIN,[],ERROR_CP,ERROR_CP_547,Glue,Glue,G-S41,G-S41,DE,2021-05-05,False,,,ERROR_CP_547
ERROR_CP_556,,BILSTEIN,[],ERROR_CP,ERROR_CP_556,Glue,Glue,G-S41,G-S41,DE,2021-05-05,False,,,ERROR_CP_556
ERROR_CP_565,,BILSTEIN,[],ERROR_CP,ERROR_CP_565,Glue,Glue,G-S41,G-S41,DE,2021-05-05,False,,,ERROR_CP_565
ERROR_CP_574,,BILSTEIN,[],ERROR_CP,ERROR_CP_574,Glue,Glue,G-S41,G-S41,DE,2021-05-05,False,,,ERROR_CP_574
ERROR_CP_583,,BILSTEIN,[],ERROR_CP,ERROR_CP_583,Glue,Glue,G-S41,G-S41,DE,2021-05-05,False,,,ERROR_CP_583
ERROR_CP_592,,BILSTEIN,[],ERROR_CP,ERROR_CP_592,Glue,Glue,G-S41,G-S41,DE,2021-05-05,False,,,ERROR_CP_592
ERROR_CP_601,,BILSTEIN,[],ERROR_CP,ERROR_CP_601,Glue,Glue,G-S41,G-S41,DE,2021-05-05,False,,,ERROR_CP_601
ERROR_CP_610,,BILSTEIN,[],ERROR_CP,ERROR_CP_610,Glue,Glue,G-S41,G-S41,DE,2021-05-05,False,,,ERROR_CP_610
ERROR_CP_619,,BILSTEIN,[],ERROR_CP,ERROR_CP_619,Glue,Glue,G-S41,G-S41,DE,2021-05-05,False,,,ERROR_CP_619
ERROR_CP_628,,BILSTEIN,[],ERROR_CP,ERROR_CP_628,Glue,Glue,G-S41,G-S41,DE,2021-05-05,False,,,ERROR_CP_628
ERROR_CP_637,,BILSTEIN,[],ERROR_CP,ERROR_CP_637,Glue,Glue,G-S41,G-S41,DE,2021-05-05,False,,,ERROR_CP_637
ERROR_CP_646,,BILSTEIN,[],ERROR_CP,ERROR_CP_646,Glue,Glue,G-S41,G-S41,DE,2021-05-05,False,,,ERROR_CP_646
ERROR_CP_655,,BILSTEIN,[],ERROR_CP,ERROR_CP_655,Glue,Glue,G-S41,G-S41,DE,2021-05-05,False,,,ERROR_CP_655
ERROR_CP_664,,BILSTEIN,[],ERROR_CP,ERROR_CP_664,Glue,Glue,G-S41,G-S41,DE,2021-05-05,False,,,ERROR_CP_664
ERROR_CP_673,,BILSTEIN,[],ERROR_CP,ERROR_CP_673,Glue,Glue,G-S41,G-S41,DE,2021-05-05,False,,,ERROR_CP_673
ERROR_CP_682,,BILSTEIN,[],ERROR_CP,ERROR_CP_682,Glue,Glue,G-S41,G-S41,DE,2021-05-05,False,,,ERROR_CP_682
ERROR_CP_691,,BILSTEIN,[],ERROR_CP,ERROR_CP_691,Glue,Glue,G-S41,G-S41,DE,2021-05-05,False,,,ERROR_CP_691
ERROR_CP_700,,BILSTEIN,[],ERROR_CP,ERROR_CP_700,Glue,Glue,G-S41,G-S41,DE,2021-05-05,False,,,ERROR_CP_700
ERROR_CP_709,,BILSTEIN,[],ERROR_CP,ERROR_CP_709,Glue,Glue,G-S41,G-S41,DE,2021-05-05,False,,,ERROR_CP_709
ERROR_CP_718,,BILSTEIN,[],ERROR_CP,ERROR_CP_718,Glue,Glue,G-S41,G-S41,DE,2021-05-05,False,,,ERROR_CP_718
ERROR_CP_727,,BILSTEIN,[],ERROR_CP,ERROR_CP_727,Glue,Glue,G-S41,G-S41,DE,2021-05-05,False,,,ERROR_CP_727
ERROR_CP_736,,BILSTEIN,[],ERROR_CP,ERROR_CP_736,Glue,Glue,G-S41,G-S41,DE,2021-05-05,False,,,ERROR_CP_736
ERROR_CP_745,,BILSTEIN,[],ERROR_CP,ERROR_CP_745,Glue,Glue,G-S41,G-S41,DE,2021-05-05,False,,,ERROR_CP_745
ERROR_CP_754,,BILSTEIN,[],ERROR_CP,ERROR_CP_754,Glue,Glue,G-S41,G-S41,DE,2021-05-05,False,,,ERROR_CP_754
ERROR_CP_763,,BILSTEIN,[],ERROR_CP,ERROR_CP_763,Glue,Glue,G-S41,G-S41,DE,2021-05-05,False,,,ERROR_CP_763
ERROR_CP_772,,BILSTEIN,[],ERROR_CP,ERROR_CP_772,Glue,Glue,G-S41,G-S41,DE,2021-05-05,False,,,ERROR_CP_772
ERROR_CP_781,,BILSTEIN,[],ERROR_CP,ERROR_CP_781,Glue,Glue,G-S41,G-S41,DE,2021-05-05,False,,,ERROR_CP_781
ERROR_CP_790,,BILSTEIN,[],ERROR_CP,ERROR_CP_790,Glue,Glue,G-S41,G-S41,DE,2021-05-05,False,,,ERROR_CP_790
ERROR_CP_799,,BILSTEIN,[],ERROR_CP,ERROR_CP_799,Glue,Glue,G-S41,G-S41,DE,2021-05-05,False,,,ERROR_CP_799
ERROR_CP_808,,BILSTEIN,[],ERROR_CP,ERROR_CP_808,Glue,Glue,G-S41,G-S41,DE,2021-05-05,False,,,ERROR_CP_808
ERROR_CP_817,,BILSTEIN,[],ERROR_CP,ERROR_CP_817,Glue,Glue,G-S41,G-S41,DE,2021-05-05,False,,,ERROR_CP_817
ERROR_CP_826,,BILSTEIN,[],ERROR_CP,ERROR_CP_826,Glue,Glue,G-S41,G-S41,DE,2021-05-05,False,,,ERROR_CP_826
ERROR_CP_835,,BILSTEIN,[],ERROR_CP,ERROR_CP_835,Glue,Glue,G-S41,G-S41,DE,2021-05-05,False,,,ERROR_CP_835
ERROR_CP_844,,BILSTEIN,[],ERROR_CP,ERROR_CP_844,Glue,Glue,G-S41,G-S41,DE,2021-05-05,False,,,ERROR_CP_844
ERROR_CP_853,,BILSTEIN,[],ERROR_CP,ERROR_CP_853,Glue,Glue,G-S41,G-S41,DE,2021-05-05,False,,,ERROR_CP_853
ERROR_CP_862,,BILSTEIN,[],ERROR_CP,ERROR_CP_862,Glue,Glue,G-S41,G-S41,DE,2021-05-05,False,,,ERROR_CP_862
ERROR_CP_871,,BILSTEIN,[],ERROR_CP,ERROR_CP_871,Glue,Glue,G-S41,G-S41,DE,2021-05-05,False,,,ERROR_CP_871
ERROR_CP_880,,BILSTEIN,[],ERROR_CP,ERROR_CP_880,Glue,Glue,G-S41,G-S41,DE,2021-05-05,False,,,ERROR_CP_880
ERROR_CP_889,,BILSTEIN,[],ERROR_CP,ERROR_CP_889,Glue,Glue,G-S41,G-S41,DE,2021-05-05,False,,,ERROR_CP_889
ERROR_CP_898,,BILSTEIN,[],ERROR_CP,ERROR_CP_898,Glue,Glue,G-S41,G-S41,DE,2021-05-05,False,,,ERROR_CP_898
ERROR_CP_8,,GRIES,[],ERROR_CP,ERROR_CP_8,Glue,Glue,G-S41,G-S41,DE,2021-05-05,False,,,ERROR_CP_8
ERROR_CP_17,,GRIES,[],ERROR_CP,ERROR_CP_17,Glue,Glue,G-S41,G-S41,DE,2021-05-05,False,,,ERROR_CP_17
ERROR_CP_26,,GRIES,[],ERROR_CP,ERROR_CP_26,Glue,Glue,G-S41,G-S41,DE,2021-05-05,False,,,ERROR_CP_26
ERROR_CP_35,,GRIES,[],ERROR_CP,ERROR_CP_35,Glue,Glue,G-S41,G-S41,DE,2021-05-05,False,,,ERROR_CP_35
ERROR_CP_44,,GRIES,[],ERROR_CP,ERROR_CP_44,Glue,Glue,G-S41,G-S41,DE,2021-05-05,False,,,ERROR_CP_44
ERROR_CP_53,,GRIES,[],ERROR_CP,ERROR_CP_53,Glue,Glue,G-S41,G-S41,DE,2021-05-05,False,,,ERROR_CP_53
ERROR_CP_62,,GRIES,[],ERROR_CP,ERROR_CP_62,Glue,Glue,G-S41,G-S41,DE,2021-05-05,False,,,ERROR_CP_62
ERROR_CP_71,,GRIES,[],ERROR_CP,ERROR_CP_71,Glue,Glue,G-S41,G-S41,DE,2021-05-05,False,,,ERROR_CP_71
ERROR_CP_80,,GRIES,[],ERROR_CP,ERROR_CP_80,Glue,Glue,G-S41,G-S41,DE,2021-05-05,False,,,ERROR_CP_80
ERROR_CP_89,,GRIES,[],ERROR_CP,ERROR_CP_89,Glue,Glue,G-S41,G-S41,DE,2021-05-05,False,,,ERROR_CP_89
ERROR_CP_98,,GRIES,[],ERROR_CP,ERROR_CP_98,Glue,Glue,G-S41,G-S41,DE,2021-05-05,False,,,ERROR_CP_98
ERROR_CP_107,,GRIES,[],ERROR_CP,ERROR_CP_107,Glue,Glue,G-S41,G-S41,DE,2021-05-05,False,,,ERROR_CP_107
ERROR_CP_116,,GRIES,[],ERROR_CP,ERROR_CP_116,Glue,Glue,G-S41,G-S41,DE,2021-05-05,False,,,ERROR_CP_116
ERROR_CP_125,,GRIES,[],ERROR_CP,ERROR_CP_125,Glue,Glue,G-S41,G-S41,DE,2021-05-05,False,,,ERROR_CP_125
ERROR_CP_134,,GRIES,[],ERROR_CP,ERROR_CP_134,Glue,Glue,G-S41,G-S41,DE,2021-05-05,False,,,ERROR_CP_134
ERROR_CP_143,,GRIES,[],ERROR_CP,ERROR_CP_143,Glue,Glue,G-S41,G-S41,DE,2021-05-05,False,,,ERROR_CP_143
ERROR_CP_152,,GRIES,[],ERROR_CP,ERROR_CP_152,Glue,Glue,G-S41,G-S41,DE,2021-05-05,False,,,ERROR_CP_152
ERROR_CP_161,,GRIES,[],ERROR_CP,ERROR_CP_161,Glue,Glue,G-S41,G-S41,DE,2021-05-05,False,,,ERROR_CP_161
ERROR_CP_170,,GRIES,[],ERROR_CP,ERROR_CP_170,Glue,Glue,G-S41,G-S41,DE,2021-05-05,False,,,ERROR_CP_170
ERROR_CP_179,,GRIES,[],ERROR_CP,ERROR_CP_179,Glue,Glue,G-S41,G-S41,DE,2021-05-05,False,,,ERROR_CP_179
ERROR_CP_188,,GRIES,[],ERROR_CP,ERROR_CP_188,Glue,Glue,G-S41,G-S41,DE,2021-05-05,False,,,ERROR_CP_188
ERROR_CP_197,,GRIES,[],ERROR_CP,ERROR_CP_197,Glue,Glue,G-S41,G-S41,DE,2021-05-05,False,,,ERROR_CP_197
ERROR_CP_206,,GRIES,[],ERROR_CP,ERROR_CP_206,Glue,Glue,G-S41,G-S41,DE,2021-05-05,False,,,ERROR_CP_206
ERROR_CP_215,,GRIES,[],ERROR_CP,ERROR_CP_215,Glue,Glue,G-S41,G-S41,DE,2021-05-05,False,,,ERROR_CP_215
ERROR_CP_224,,GRIES,[],ERROR_CP,ERROR_CP_224,Glue,Glue,G-S41,G-S41,DE,2021-05-05,False,,,ERROR_CP_224
ERROR_CP_233,,GRIES,[],ERROR_CP,ERROR_CP_233,Glue,Glue,G-S41,G-S41,DE,2021-05-05,False,,,ERROR_CP_233
ERROR_CP_242,,GRIES,[],ERROR_CP,ERROR_CP_242,Glue,Glue,G-S41,G-S41,DE,2021-05-05,False,,,ERROR_CP_242
ERROR_CP_251,,GRIES,[],ERROR_CP,ERROR_CP_251,Glue,Glue,G-S41,G-S41,DE,2021-05-05,False,,,ERROR_CP_251
ERROR_CP_260,,GRIES,[],ERROR_CP,ERROR_CP_260,Glue,Glue,G-S41,G-S41,DE,2021-05-05,False,,,ERROR_CP_260
ERROR_CP_269,,GRIES,[],ERROR_CP,ERROR_CP_269,Glue,Glue,G-S41,G-S41,DE,2021-05-05,False,,,ERROR_CP_269
ERROR_CP_278,,GRIES,[],ERROR_CP,ERROR_CP_278,Glue,Glue,G-S41,G-S41,DE,2021-05-05,False,,,ERROR_CP_278
ERROR_CP_287,,GRIES,[],ERROR_CP,ERROR_CP_287,Glue,Glue,G-S41,G-S41,DE,2021-05-05,False,,,ERROR_CP_287
ERROR_CP_296,,GRIES,[],ERROR_CP,ERROR_CP_296,Glue,Glue,G-S41,G-S41,DE,2021-05-05,False,,,ERROR_CP_296
ERROR_CP_305,,GRIES,[],ERROR_CP,ERROR_CP_305,Glue,Glue,G-S41,G-S41,DE,2021-05-05,False,,,ERROR_CP_305
ERROR_CP_314,,GRIES,[],ERROR_CP,ERROR_CP_314,Glue,Glue,G-S41,G-S41,DE,2021-05-05,False,,,ERROR_CP_314
ERROR_CP_323,,GRIES,[],ERROR_CP,ERROR_CP_323,Glue,Glue,G-S41,G-S41,DE,2021-05-05,False,,,ERROR_CP_323
ERROR_CP_332,,GRIES,[],ERROR_CP,ERROR_CP_332,Glue,Glue,G-S41,G-S41,DE,2021-05-05,False,,,ERROR_CP_332
ERROR_CP_341,,GRIES,[],ERROR_CP,ERROR_CP_341,Glue,Glue,G-S41,G-S41,DE,2021-05-05,False,,,ERROR_CP_341
ERROR_CP_350,,GRIES,[],ERROR_CP,ERROR_CP_350,Glue,Glue,G-S41,G-S41,DE,2021-05-05,False,,,ERROR_CP_350
ERROR_CP_359,,GRIES,[],ERROR_CP,ERROR_CP_359,Glue,Glue,G-S41,G-S41,DE,2021-05-05,False,,,ERROR_CP_359
ERROR_CP_368,,GRIES,[],ERROR_CP,ERROR_CP_368,Glue,Glue,G-S41,G-S41,DE,2021-05-05,False,,,ERROR_CP_368
ERROR_CP_377,,GRIES,[],ERROR_CP,ERROR_CP_377,Glue,Glue,G-S41,G-S41,DE,2021-05-05,False,,,ERROR_CP_377
ERROR_CP_386,,GRIES,[],ERROR_CP,ERROR_CP_386,Glue,Glue,G-S41,G-S41,DE,2021-05-05,False,,,ERROR_CP_386
ERROR_CP_395,,GRIES,[],ERROR_CP,ERROR_CP_395,Glue,Glue,G-S41,G-S41,DE,2021-05-05,False,,,ERROR_CP_395
ERROR_CP_404,,GRIES,[],ERROR_CP,ERROR_CP_404,Glue,Glue,G-S41,G-S41,DE,2021-05-05,False,,,ERROR_CP_404
ERROR_CP_413,,GRIES,[],ERROR_CP,ERROR_CP_413,Glue,Glue,G-S41,G-S41,DE,2021-05-05,False,,,ERROR_CP_413
ERROR_CP_422,,GRIES,[],ERROR_CP,ERROR_CP_422,Glue,Glue,G-S41,G-S41,DE,2021-05-05,False,,,ERROR_CP_422
ERROR_CP_431,,GRIES,[],ERROR_CP,ERROR_CP_431,Glue,Glue,G-S41,G-S41,DE,2021-05-05,False,,,ERROR_CP_431
ERROR_CP_440,,GRIES,[],ERROR_CP,ERROR_CP_440,Glue,Glue,G-S41,G-S41,DE,2021-05-05,False,,,ERROR_CP_440
ERROR_CP_449,,GRIES,[],ERROR_CP,ERROR_CP_449,Glue,Glue,G-S41,G-S41,DE,2021-05-05,False,,,ERROR_CP_449
ERROR_CP_458,,GRIES,[],ERROR_CP,ERROR_CP_458,Glue,Glue,G-S41,G-S41,DE,2021-05-05,False,,,ERROR_CP_458
ERROR_CP_467,,GRIES,[],ERROR_CP,ERROR_CP_467,Glue,Glue,G-S41,G-S41,DE,2021-05-05,False,,,ERROR_CP_467
ERROR_CP_476,,GRIES,[],ERROR_CP,ERROR_CP_476,Glue,Glue,G-S41,G-S41,DE,2021-05-05,False,,,ERROR_CP_476
ERROR_CP_485,,GRIES,[],ERROR_CP,ERROR_CP_485,Glue,Glue,G-S41,G-S41,DE,2021-05-05,False,,,ERROR_CP_485
ERROR_CP_494,,GRIES,[],ERROR_CP,ERROR_CP_494,Glue,Glue,G-S41,G-S41,DE,2021-05-05,False,,,ERROR_CP_494
ERROR_CP_503,,GRIES,[],ERROR_CP,ERROR_CP_503,Glue,Glue,G-S41,G-S41,DE,2021-05-05,False,,,ERROR_CP_503
ERROR_CP_512,,GRIES,[],ERROR_CP,ERROR_CP_512,Glue,Glue,G-S41,G-S41,DE,2021-05-05,False,,,ERROR_CP_512
ERROR_CP_521,,GRIES,[],ERROR_CP,ERROR_CP_521,Glue,Glue,G-S41,G-S41,DE,2021-05-05,False,,,ERROR_CP_521
ERROR_CP_530,,GRIES,[],ERROR_CP,ERROR_CP_530,Glue,Glue,G-S41,G-S41,DE,2021-05-05,False,,,ERROR_CP_530
ERROR_CP_539,,GRIES,[],ERROR_CP,ERROR_CP_539,Glue,Glue,G-S41,G-S41,DE,2021-05-05,False,,,ERROR_CP_539
ERROR_CP_548,,GRIES,[],ERROR_CP,ERROR_CP_548,Glue,Glue,G-S41,G-S41,DE,2021-05-05,False,,,ERROR_CP_548
ERROR_CP_557,,GRIES,[],ERROR_CP,ERROR_CP_557,Glue,Glue,G-S41,G-S41,DE,2021-05-05,False,,,ERROR_CP_557
ERROR_CP_566,,GRIES,[],ERROR_CP,ERROR_CP_566,Glue,Glue,G-S41,G-S41,DE,2021-05-05,False,,,ERROR_CP_566
ERROR_CP_575,,GRIES,[],ERROR_CP,ERROR_CP_575,Glue,Glue,G-S41,G-S41,DE,2021-05-05,False,,,ERROR_CP_575
ERROR_CP_584,,GRIES,[],ERROR_CP,ERROR_CP_584,Glue,Glue,G-S41,G-S41,DE,2021-05-05,False,,,ERROR_CP_584
ERROR_CP_593,,GRIES,[],ERROR_CP,ERROR_CP_593,Glue,Glue,G-S41,G-S41,DE,2021-05-05,False,,,ERROR_CP_593
ERROR_CP_602,,GRIES,[],ERROR_CP,ERROR_CP_602,Glue,Glue,G-S41,G-S41,DE,2021-05-05,False,,,ERROR_CP_602
ERROR_CP_611,,GRIES,[],ERROR_CP,ERROR_CP_611,Glue,Glue,G-S41,G-S41,DE,2021-05-05,False,,,ERROR_CP_611
ERROR_CP_620,,GRIES,[],ERROR_CP,ERROR_CP_620,Glue,Glue,G-S41,G-S41,DE,2021-05-05,False,,,ERROR_CP_620
ERROR_CP_629,,GRIES,[],ERROR_CP,ERROR_CP_629,Glue,Glue,G-S41,G-S41,DE,2021-05-05,False,,,ERROR_CP_629
ERROR_CP_638,,GRIES,[],ERROR_CP,ERROR_CP_638,Glue,Glue,G-S41,G-S41,DE,2021-05-05,False,,,ERROR_CP_638
ERROR_CP_647,,GRIES,[],ERROR_CP,ERROR_CP_647,Glue,Glue,G-S41,G-S41,DE,2021-05-05,False,,,ERROR_CP_647
ERROR_CP_656,,GRIES,[],ERROR_CP,ERROR_CP_656,Glue,Glue,G-S41,G-S41,DE,2021-05-05,False,,,ERROR_CP_656
ERROR_CP_665,,GRIES,[],ERROR_CP,ERROR_CP_665,Glue,Glue,G-S41,G-S41,DE,2021-05-05,False,,,ERROR_CP_665
ERROR_CP_674,,GRIES,[],ERROR_CP,ERROR_CP_674,Glue,Glue,G-S41,G-S41,DE,2021-05-05,False,,,ERROR_CP_674
ERROR_CP_683,,GRIES,[],ERROR_CP,ERROR_CP_683,Glue,Glue,G-S41,G-S41,DE,2021-05-05,False,,,ERROR_CP_683
ERROR_CP_692,,GRIES,[],ERROR_CP,ERROR_CP_692,Glue,Glue,G-S41,G-S41,DE,2021-05-05,False,,,ERROR_CP_692
ERROR_CP_701,,GRIES,[],ERROR_CP,ERROR_CP_701,Glue,Glue,G-S41,G-S41,DE,2021-05-05,False,,,ERROR_CP_701
ERROR_CP_710,,GRIES,[],ERROR_CP,ERROR_CP_710,Glue,Glue,G-S41,G-S41,DE,2021-05-05,False,,,ERROR_CP_710
ERROR_CP_719,,GRIES,[],ERROR_CP,ERROR_CP_719,Glue,Glue,G-S41,G-S41,DE,2021-05-05,False,,,ERROR_CP_719
ERROR_CP_728,,GRIES,[],ERROR_CP,ERROR_CP_728,Glue,Glue,G-S41,G-S41,DE,2021-05-05,False,,,ERROR_CP_728
ERROR_CP_737,,GRIES,[],ERROR_CP,ERROR_CP_737,Glue,Glue,G-S41,G-S41,DE,2021-05-05,False,,,ERROR_CP_737
ERROR_CP_746,,GRIES,[],ERROR_CP,ERROR_CP_746,Glue,Glue,G-S41,G-S41,DE,2021-05-05,False,,,ERROR_CP_746
ERROR_CP_755,,GRIES,[],ERROR_CP,ERROR_CP_755,Glue,Glue,G-S41,G-S41,DE,2021-05-05,False,,,ERROR_CP_755
ERROR_CP_764,,GRIES,[],ERROR_CP,ERROR_CP_764,Glue,Glue,G-S41,G-S41,DE,2021-05-05,False,,,ERROR_CP_764
ERROR_CP_773,,GRIES,[],ERROR_CP,ERROR_CP_773,Glue,Glue,G-S41,G-S41,DE,2021-05-05,False,,,ERROR_CP_773
ERROR_CP_782,,GRIES,[],ERROR_CP,ERROR_CP_782,Glue,Glue,G-S41,G-S41,DE,2021-05-05,False,,,ERROR_CP_782
ERROR_CP_791,,GRIES,[],ERROR_CP,ERROR_CP_791,Glue,Glue,G-S41,G-S41,DE,2021-05-05,False,,,ERROR_CP_791
ERROR_CP_800,,GRIES,[],ERROR_CP,ERROR_CP_800,Glue,Glue,G-S41,G-S41,DE,2021-05-05,False,,,ERROR_CP_800
ERROR_CP_809,,GRIES,[],ERROR_CP,ERROR_CP_809,Glue,Glue,G-S41,G-S41,DE,2021-05-05,False,,,ERROR_CP_809
ERROR_CP_818,,GRIES,[],ERROR_CP,ERROR_CP_818,Glue,Glue,G-S41,G-S41,DE,2021-05-05,False,,,ERROR_CP_818
ERROR_CP_827,,GRIES,[],ERROR_CP,ERROR_CP_827,Glue,Glue,G-S41,G-S41,DE,2021-05-05,False,,,ERROR_CP_827
ERROR_CP_836,,GRIES,[],ERROR_CP,ERROR_CP_836,Glue,Glue,G-S41,G-S41,DE,2021-05-05,False,,,ERROR_CP_836
ERROR_CP_845,,GRIES,[],ERROR_CP,ERROR_CP_845,Glue,Glue,G-S41,G-S41,DE,2021-05-05,False,,,ERROR_CP_845
ERROR_CP_854,,GRIES,[],ERROR_CP,ERROR_CP_854,Glue,Glue,G-S41,G-S41,DE,2021-05-05,False,,,ERROR_CP_854
ERROR_CP_863,,GRIES,[],ERROR_CP,ERROR_CP_863,Glue,Glue,G-S41,G-S41,DE,2021-05-05,False,,,ERROR_CP_863
ERROR_CP_872,,GRIES,[],ERROR_CP,ERROR_CP_872,Glue,Glue,G-S41,G-S41,DE,2021-05-05,False,,,ERROR_CP_872
ERROR_CP_881,,GRIES,[],ERROR_CP,ERROR_CP_881,Glue,Glue,G-S41,G-S41,DE,2021-05-05,False,,,ERROR_CP_881
ERROR_CP_890,,GRIES,[],ERROR_CP,ERROR_CP_890,Glue,Glue,G-S41,G-S41,DE,2021-05-05,False,,,ERROR_CP_890
ERROR_CP_899,,GRIES,[],ERROR_CP,ERROR_CP_899,Glue,Glue,G-S41,G-S41,DE,2021-05-05,False,,,ERROR_CP_899
ERROR_CP_9,,GRIES,[],ERROR_CP,ERROR_CP_9,Glue,Glue,G-S41,G-S41,DE,2021-05-05,False,,,ERROR_CP_9
ERROR_CP_18,,GRIES,[],ERROR_CP,ERROR_CP_18,Glue,Glue,G-S41,G-S41,DE,2021-05-05,False,,,ERROR_CP_18
ERROR_CP_27,,GRIES,[],ERROR_CP,ERROR_CP_27,Glue,Glue,G-S41,G-S41,DE,2021-05-05,False,,,ERROR_CP_27
ERROR_CP_36,,GRIES,[],ERROR_CP,ERROR_CP_36,Glue,Glue,G-S41,G-S41,DE,2021-05-05,False,,,ERROR_CP_36
ERROR_CP_45,,GRIES,[],ERROR_CP,ERROR_CP_45,Glue,Glue,G-S41,G-S41,DE,2021-05-05,False,,,ERROR_CP_45
ERROR_CP_54,,GRIES,[],ERROR_CP,ERROR_CP_54,Glue,Glue,G-S41,G-S41,DE,2021-05-05,False,,,ERROR_CP_54
ERROR_CP_63,,GRIES,[],ERROR_CP,ERROR_CP_63,Glue,Glue,G-S41,G-S41,DE,2021-05-05,False,,,ERROR_CP_63
ERROR_CP_72,,GRIES,[],ERROR_CP,ERROR_CP_72,Glue,Glue,G-S41,G-S41,DE,2021-05-05,False,,,ERROR_CP_72
ERROR_CP_81,,GRIES,[],ERROR_CP,ERROR_CP_81,Glue,Glue,G-S41,G-S41,DE,2021-05-05,False,,,ERROR_CP_81
ERROR_CP_90,,GRIES,[],ERROR_CP,ERROR_CP_90,Glue,Glue,G-S41,G-S41,DE,2021-05-05,False,,,ERROR_CP_90
ERROR_CP_99,,GRIES,[],ERROR_CP,ERROR_CP_99,Glue,Glue,G-S41,G-S41,DE,2021-05-05,False,,,ERROR_CP_99
ERROR_CP_108,,GRIES,[],ERROR_CP,ERROR_CP_108,Glue,Glue,G-S41,G-S41,DE,2021-05-05,False,,,ERROR_CP_108
ERROR_CP_117,,GRIES,[],ERROR_CP,ERROR_CP_117,Glue,Glue,G-S41,G-S41,DE,2021-05-05,False,,,ERROR_CP_117
ERROR_CP_126,,GRIES,[],ERROR_CP,ERROR_CP_126,Glue,Glue,G-S41,G-S41,DE,2021-05-05,False,,,ERROR_CP_126
ERROR_CP_135,,GRIES,[],ERROR_CP,ERROR_CP_135,Glue,Glue,G-S41,G-S41,DE,2021-05-05,False,,,ERROR_CP_135
ERROR_CP_144,,GRIES,[],ERROR_CP,ERROR_CP_144,Glue,Glue,G-S41,G-S41,DE,2021-05-05,False,,,ERROR_CP_144
ERROR_CP_153,,GRIES,[],ERROR_CP,ERROR_CP_153,Glue,Glue,G-S41,G-S41,DE,2021-05-05,False,,,ERROR_CP_153
ERROR_CP_162,,GRIES,[],ERROR_CP,ERROR_CP_162,Glue,Glue,G-S41,G-S41,DE,2021-05-05,False,,,ERROR_CP_162
ERROR_CP_171,,GRIES,[],ERROR_CP,ERROR_CP_171,Glue,Glue,G-S41,G-S41,DE,2021-05-05,False,,,ERROR_CP_171
ERROR_CP_180,,GRIES,[],ERROR_CP,ERROR_CP_180,Glue,Glue,G-S41,G-S41,DE,2021-05-05,False,,,ERROR_CP_180
ERROR_CP_189,,GRIES,[],ERROR_CP,ERROR_CP_189,Glue,Glue,G-S41,G-S41,DE,2021-05-05,False,,,ERROR_CP_189
ERROR_CP_198,,GRIES,[],ERROR_CP,ERROR_CP_198,Glue,Glue,G-S41,G-S41,DE,2021-05-05,False,,,ERROR_CP_198
ERROR_CP_207,,GRIES,[],ERROR_CP,ERROR_CP_207,Glue,Glue,G-S41,G-S41,DE,2021-05-05,False,,,ERROR_CP_207
ERROR_CP_216,,GRIES,[],ERROR_CP,ERROR_CP_216,Glue,Glue,G-S41,G-S41,DE,2021-05-05,False,,,ERROR_CP_216
ERROR_CP_225,,GRIES,[],ERROR_CP,ERROR_CP_225,Glue,Glue,G-S41,G-S41,DE,2021-05-05,False,,,ERROR_CP_225
ERROR_CP_234,,GRIES,[],ERROR_CP,ERROR_CP_234,Glue,Glue,G-S41,G-S41,DE,2021-05-05,False,,,ERROR_CP_234
ERROR_CP_243,,GRIES,[],ERROR_CP,ERROR_CP_243,Glue,Glue,G-S41,G-S41,DE,2021-05-05,False,,,ERROR_CP_243
ERROR_CP_252,,GRIES,[],ERROR_CP,ERROR_CP_252,Glue,Glue,G-S41,G-S41,DE,2021-05-05,False,,,ERROR_CP_252
ERROR_CP_261,,GRIES,[],ERROR_CP,ERROR_CP_261,Glue,Glue,G-S41,G-S41,DE,2021-05-05,False,,,ERROR_CP_261
ERROR_CP_270,,GRIES,[],ERROR_CP,ERROR_CP_270,Glue,Glue,G-S41,G-S41,DE,2021-05-05,False,,,ERROR_CP_270
ERROR_CP_279,,GRIES,[],ERROR_CP,ERROR_CP_279,Glue,Glue,G-S41,G-S41,DE,2021-05-05,False,,,ERROR_CP_279
ERROR_CP_288,,GRIES,[],ERROR_CP,ERROR_CP_288,Glue,Glue,G-S41,G-S41,DE,2021-05-05,False,,,ERROR_CP_288
ERROR_CP_297,,GRIES,[],ERROR_CP,ERROR_CP_297,Glue,Glue,G-S41,G-S41,DE,2021-05-05,False,,,ERROR_CP_297
ERROR_CP_306,,GRIES,[],ERROR_CP,ERROR_CP_306,Glue,Glue,G-S41,G-S41,DE,2021-05-05,False,,,ERROR_CP_306
ERROR_CP_315,,GRIES,[],ERROR_CP,ERROR_CP_315,Glue,Glue,G-S41,G-S41,DE,2021-05-05,False,,,ERROR_CP_315
ERROR_CP_324,,GRIES,[],ERROR_CP,ERROR_CP_324,Glue,Glue,G-S41,G-S41,DE,2021-05-05,False,,,ERROR_CP_324
ERROR_CP_333,,GRIES,[],ERROR_CP,ERROR_CP_333,Glue,Glue,G-S41,G-S41,DE,2021-05-05,False,,,ERROR_CP_333
ERROR_CP_342,,GRIES,[],ERROR_CP,ERROR_CP_342,Glue,Glue,G-S41,G-S41,DE,2021-05-05,False,,,ERROR_CP_342
ERROR_CP_351,,GRIES,[],ERROR_CP,ERROR_CP_351,Glue,Glue,G-S41,G-S41,DE,2021-05-05,False,,,ERROR_CP_351
ERROR_CP_360,,GRIES,[],ERROR_CP,ERROR_CP_360,Glue,Glue,G-S41,G-S41,DE,2021-05-05,False,,,ERROR_CP_360
ERROR_CP_369,,GRIES,[],ERROR_CP,ERROR_CP_369,Glue,Glue,G-S41,G-S41,DE,2021-05-05,False,,,ERROR_CP_369
ERROR_CP_378,,GRIES,[],ERROR_CP,ERROR_CP_378,Glue,Glue,G-S41,G-S41,DE,2021-05-05,False,,,ERROR_CP_378
ERROR_CP_387,,GRIES,[],ERROR_CP,ERROR_CP_387,Glue,Glue,G-S41,G-S41,DE,2021-05-05,False,,,ERROR_CP_387
ERROR_CP_396,,GRIES,[],ERROR_CP,ERROR_CP_396,Glue,Glue,G-S41,G-S41,DE,2021-05-05,False,,,ERROR_CP_396
ERROR_CP_405,,GRIES,[],ERROR_CP,ERROR_CP_405,Glue,Glue,G-S41,G-S41,DE,2021-05-05,False,,,ERROR_CP_405
ERROR_CP_414,,GRIES,[],ERROR_CP,ERROR_CP_414,Glue,Glue,G-S41,G-S41,DE,2021-05-05,False,,,ERROR_CP_414
ERROR_CP_423,,GRIES,[],ERROR_CP,ERROR_CP_423,Glue,Glue,G-S41,G-S41,DE,2021-05-05,False,,,ERROR_CP_423
ERROR_CP_432,,GRIES,[],ERROR_CP,ERROR_CP_432,Glue,Glue,G-S41,G-S41,DE,2021-05-05,False,,,ERROR_CP_432
ERROR_CP_441,,GRIES,[],ERROR_CP,ERROR_CP_441,Glue,Glue,G-S41,G-S41,DE,2021-05-05,False,,,ERROR_CP_441
ERROR_CP_450,,GRIES,[],ERROR_CP,ERROR_CP_450,Glue,Glue,G-S41,G-S41,DE,2021-05-05,False,,,ERROR_CP_450
ERROR_CP_459,,GRIES,[],ERROR_CP,ERROR_CP_459,Glue,Glue,G-S41,G-S41,DE,2021-05-05,False,,,ERROR_CP_459
ERROR_CP_468,,GRIES,[],ERROR_CP,ERROR_CP_468,Glue,Glue,G-S41,G-S41,DE,2021-05-05,False,,,ERROR_CP_468
ERROR_CP_477,,GRIES,[],ERROR_CP,ERROR_CP_477,Glue,Glue,G-S41,G-S41,DE,2021-05-05,False,,,ERROR_CP_477
ERROR_CP_486,,GRIES,[],ERROR_CP,ERROR_CP_486,Glue,Glue,G-S41,G-S41,DE,2021-05-05,False,,,ERROR_CP_486
ERROR_CP_495,,GRIES,[],ERROR_CP,ERROR_CP_495,Glue,Glue,G-S41,G-S41,DE,2021-05-05,False,,,ERROR_CP_495
ERROR_CP_504,,GRIES,[],ERROR_CP,ERROR_CP_504,Glue,Glue,G-S41,G-S41,DE,2021-05-05,False,,,ERROR_CP_504
ERROR_CP_513,,GRIES,[],ERROR_CP,ERROR_CP_513,Glue,Glue,G-S41,G-S41,DE,2021-05-05,False,,,ERROR_CP_513
ERROR_CP_522,,GRIES,[],ERROR_CP,ERROR_CP_522,Glue,Glue,G-S41,G-S41,DE,2021-05-05,False,,,ERROR_CP_522
ERROR_CP_531,,GRIES,[],ERROR_CP,ERROR_CP_531,Glue,Glue,G-S41,G-S41,DE,2021-05-05,False,,,ERROR_CP_531
ERROR_CP_540,,GRIES,[],ERROR_CP,ERROR_CP_540,Glue,Glue,G-S41,G-S41,DE,2021-05-05,False,,,ERROR_CP_540
ERROR_CP_549,,GRIES,[],ERROR_CP,ERROR_CP_549,Glue,Glue,G-S41,G-S41,DE,2021-05-05,False,,,ERROR_CP_549
ERROR_CP_558,,GRIES,[],ERROR_CP,ERROR_CP_558,Glue,Glue,G-S41,G-S41,DE,2021-05-05,False,,,ERROR_CP_558
ERROR_CP_567,,GRIES,[],ERROR_CP,ERROR_CP_567,Glue,Glue,G-S41,G-S41,DE,2021-05-05,False,,,ERROR_CP_567
ERROR_CP_576,,GRIES,[],ERROR_CP,ERROR_CP_576,Glue,Glue,G-S41,G-S41,DE,2021-05-05,False,,,ERROR_CP_576
ERROR_CP_585,,GRIES,[],ERROR_CP,ERROR_CP_585,Glue,Glue,G-S41,G-S41,DE,2021-05-05,False,,,ERROR_CP_585
ERROR_CP_594,,GRIES,[],ERROR_CP,ERROR_CP_594,Glue,Glue,G-S41,G-S41,DE,2021-05-05,False,,,ERROR_CP_594
ERROR_CP_603,,GRIES,[],ERROR_CP,ERROR_CP_603,Glue,Glue,G-S41,G-S41,DE,2021-05-05,False,,,ERROR_CP_603
ERROR_CP_612,,GRIES,[],ERROR_CP,ERROR_CP_612,Glue,Glue,G-S41,G-S41,DE,2021-05-05,False,,,ERROR_CP_612
ERROR_CP_621,,GRIES,[],ERROR_CP,ERROR_CP_621,Glue,Glue,G-S41,G-S41,DE,2021-05-05,False,,,ERROR_CP_621
ERROR_CP_630,,GRIES,[],ERROR_CP,ERROR_CP_630,Glue,Glue,G-S41,G-S41,DE,2021-05-05,False,,,ERROR_CP_630
ERROR_CP_639,,GRIES,[],ERROR_CP,ERROR_CP_639,Glue,Glue,G-S41,G-S41,DE,2021-05-05,False,,,ERROR_CP_639
ERROR_CP_648,,GRIES,[],ERROR_CP,ERROR_CP_648,Glue,Glue,G-S41,G-S41,DE,2021-05-05,False,,,ERROR_CP_648
ERROR_CP_657,,GRIES,[],ERROR_CP,ERROR_CP_657,Glue,Glue,G-S41,G-S41,DE,2021-05-05,False,,,ERROR_CP_657
ERROR_CP_666,,GRIES,[],ERROR_CP,ERROR_CP_666,Glue,Glue,G-S41,G-S41,DE,2021-05-05,False,,,ERROR_CP_666
ERROR_CP_675,,GRIES,[],ERROR_CP,ERROR_CP_675,Glue,Glue,G-S41,G-S41,DE,2021-05-05,False,,,ERROR_CP_675
ERROR_CP_684,,GRIES,[],ERROR_CP,ERROR_CP_684,Glue,Glue,G-S41,G-S41,DE,2021-05-05,False,,,ERROR_CP_684
ERROR_CP_693,,GRIES,[],ERROR_CP,ERROR_CP_693,Glue,Glue,G-S41,G-S41,DE,2021-05-05,False,,,ERROR_CP_693
ERROR_CP_702,,GRIES,[],ERROR_CP,ERROR_CP_702,Glue,Glue,G-S41,G-S41,DE,2021-05-05,False,,,ERROR_CP_702
ERROR_CP_711,,GRIES,[],ERROR_CP,ERROR_CP_711,Glue,Glue,G-S41,G-S41,DE,2021-05-05,False,,,ERROR_CP_711
ERROR_CP_720,,GRIES,[],ERROR_CP,ERROR_CP_720,Glue,Glue,G-S41,G-S41,DE,2021-05-05,False,,,ERROR_CP_720
ERROR_CP_729,,GRIES,[],ERROR_CP,ERROR_CP_729,Glue,Glue,G-S41,G-S41,DE,2021-05-05,False,,,ERROR_CP_729
ERROR_CP_738,,GRIES,[],ERROR_CP,ERROR_CP_738,Glue,Glue,G-S41,G-S41,DE,2021-05-05,False,,,ERROR_CP_738
ERROR_CP_747,,GRIES,[],ERROR_CP,ERROR_CP_747,Glue,Glue,G-S41,G-S41,DE,2021-05-05,False,,,ERROR_CP_747
ERROR_CP_756,,GRIES,[],ERROR_CP,ERROR_CP_756,Glue,Glue,G-S41,G-S41,DE,2021-05-05,False,,,ERROR_CP_756
ERROR_CP_765,,GRIES,[],ERROR_CP,ERROR_CP_765,Glue,Glue,G-S41,G-S41,DE,2021-05-05,False,,,ERROR_CP_765
ERROR_CP_774,,GRIES,[],ERROR_CP,ERROR_CP_774,Glue,Glue,G-S41,G-S41,DE,2021-05-05,False,,,ERROR_CP_774
ERROR_CP_783,,GRIES,[],ERROR_CP,ERROR_CP_783,Glue,Glue,G-S41,G-S41,DE,2021-05-05,False,,,ERROR_CP_783
ERROR_CP_792,,GRIES,[],ERROR_CP,ERROR_CP_792,Glue,Glue,G-S41,G-S41,DE,2021-05-05,False,,,ERROR_CP_792
ERROR_CP_801,,GRIES,[],ERROR_CP,ERROR_CP_801,Glue,Glue,G-S41,G-S41,DE,2021-05-05,False,,,ERROR_CP_801
ERROR_CP_810,,GRIES,[],ERROR_CP,ERROR_CP_810,Glue,Glue,G-S41,G-S41,DE,2021-05-05,False,,,ERROR_CP_810
ERROR_CP_819,,GRIES,[],ERROR_CP,ERROR_CP_819,Glue,Glue,G-S41,G-S41,DE,2021-05-05,False,,,ERROR_CP_819
ERROR_CP_828,,GRIES,[],ERROR_CP,ERROR_CP_828,Glue,Glue,G-S41,G-S41,DE,2021-05-05,False,,,ERROR_CP_828
ERROR_CP_837,,GRIES,[],ERROR_CP,ERROR_CP_837,Glue,Glue,G-S41,G-S41,DE,2021-05-05,False,,,ERROR_CP_837
ERROR_CP_846,,GRIES,[],ERROR_CP,ERROR_CP_846,Glue,Glue,G-S41,G-S41,DE,2021-05-05,False,,,ERROR_CP_846
ERROR_CP_855,,GRIES,[],ERROR_CP,ERROR_CP_855,Glue,Glue,G-S41,G-S41,DE,2021-05-05,False,,,ERROR_CP_855
ERROR_CP_864,,GRIES,[],ERROR_CP,ERROR_CP_864,Glue,Glue,G-S41,G-S41,DE,2021-05-05,False,,,ERROR_CP_864
ERROR_CP_873,,GRIES,[],ERROR_CP,ERROR_CP_873,Glue,Glue,G-S41,G-S41,DE,2021-05-05,False,,,ERROR_CP_873
ERROR_CP_882,,GRIES,[],ERROR_CP,ERROR_CP_882,Glue,Glue,G-S41,G-S41,DE,2021-05-05,False,,,ERROR_CP_882
ERROR_CP_891,,GRIES,[],ERROR_CP,ERROR_CP_891,Glue,Glue,G-S41,G-S41,DE,2021-05-05,False,,,ERROR_CP_891
